QNAME,ERROR,CHEMSC,CLASS,LENGTH,DB,NAME,SPECIE,MASS,PREC:mE531_POS_01.raw,PREC:mE531_POS_02.raw,PREC:mE531_POS_03.raw,PREC:mE531_POS_04.raw,PREC:mE531_POS_05.raw,SUMFA:mE531_POS_01.raw,SUMFA:mE531_POS_02.raw,SUMFA:mE531_POS_03.raw,SUMFA:mE531_POS_04.raw,SUMFA:mE531_POS_05.raw,MASSFRAG1,FRAG1:mE531_POS_01.raw,FRAG1:mE531_POS_02.raw,FRAG1:mE531_POS_03.raw,FRAG1:mE531_POS_04.raw,FRAG1:mE531_POS_05.raw,OH,MASSFRAG2,FRAG2:mE531_POS_01.raw,FRAG2:mE531_POS_02.raw,FRAG2:mE531_POS_03.raw,FRAG2:mE531_POS_04.raw,FRAG2:mE531_POS_05.raw,FA1,MASSFA1,FA1INTENS:mE531_POS_01.raw,FA1INTENS:mE531_POS_02.raw,FA1INTENS:mE531_POS_03.raw,FA1INTENS:mE531_POS_04.raw,FA1INTENS:mE531_POS_05.raw,FA2,MASSFA2,FA2INTENS:mE531_POS_01.raw,FA2INTENS:mE531_POS_02.raw,FA2INTENS:mE531_POS_03.raw,FA2INTENS:mE531_POS_04.raw,FA2INTENS:mE531_POS_05.raw,POS
,,,,,,,,,,,,,,,,,,,,,,,,,,,,,,,,,,,,,,,,,,,,,,
###,ISCEPOSMS2,,,,,,,,,,,,,,,,,,,,,,,,,,,,,,,,,,,,,,,,,,,,,
ISCEPOSMS2,-0.47ppm,H71 C42 D7 O2 N1 ,CE,15,0,isCE 15:0,Keine,635.6463,2968654.8,2619137.5,900666.4,2364197.8,5385556.3,917572.8,678377,285497.4,876045.9,1999488.6,376.3956,917572.8,678377,285497.4,876045.9,1999488.6,None, None, None, None, None, None, None, None, None, None, None, None, None, None, None, None, None, None, None, None, None,
,,,,,,,,,,,,,,,,,,,,,,,,,,,,,,,,,,,,,,,,,,,,,,
,,,,,,,,,,,,,,,,,,,,,,,,,,,,,,,,,,,,,,,,,,,,,,
###,ISdiHexCerPosMS2,,,,,,,,,,,,,,,,,,,,,,,,,,,,,,,,,,,,,,,,,,,,,
ISdiHexCerPosMS2,-0.34ppm,H90 C47 O13 N1 ,diHexCer,35,1,isdiHexCer 35:1;2,,876.6404,2632340.5,931551.8,315996.9,1533115.4,3955212.6,685192.9,213973.4,188134.4,466051.2,1393967.8,264.2686,631912,194350.4,168522.1,414300,1252176.5,2,282.2792,53280.9,19623,19612.3,51751.2,141791.3,None, None, None, None, None, None, None, None, None, None, None, None, None, None,
,,,,,,,,,,,,,,,,,,,,,,,,,,,,,,,,,,,,,,,,,,,,,,
,,,,,,,,,,,,,,,,,,,,,,,,,,,,,,,,,,,,,,,,,,,,,,
###,ISHexCerPosMS2,,,,,,,,,,,,,,,,,,,,,,,,,,,,,,,,,,,,,,,,,,,,,
ISHexCerPosMS2,-0.49ppm,H70 C36 O8 N1 ,HexCer,30,1,isHexCer 30:1;2,,644.5093,5457304.9,3413280.7,1285751.9,3448684.2,8118688.7,2235014.8,1248032.5,507686.2,1781389.7,4244809.3,264.2686,2053211.1,1153792.4,454632.3,1627800.9,3902708.2,2,282.2791,181803.7,94240.1,53053.9,153588.8,342101.1,None, None, None, None, None, None, None, None, None, None, None, None, None, None,
,,,,,,,,,,,,,,,,,,,,,,,,,,,,,,,,,,,,,,,,,,,,,,
,,,,,,,,,,,,,,,,,,,,,,,,,,,,,,,,,,,,,,,,,,,,,,
###,ISPCPosMS2,,,,,,,,,,,,,,,,,,,,,,,,,,,,,,,,,,,,,,,,,,,,,
ISPCPosMS2,-0.83ppm,H89 C44 P1 O6 N1 ,PC,36,2,isPC 36:2,Keine,758.6416,12530089.7,15460654,4336628.5,9320075.4,18396539.4,2017429.9,6388079.6,39002408.1,26261095.3,1070961.7,184.0734,2017429.9,6388079.6,39002408.1,26261095.3,1070961.7,None, None, None, None, None, None, None, None, None, None, None, None, None, None, None, None, None, None, None, None, None,
,,,,,,,,,,,,,,,,,,,,,,,,,,,,,,,,,,,,,,,,,,,,,,
,,,,,,,,,,,,,,,,,,,,,,,,,,,,,,,,,,,,,,,,,,,,,,
###,ISPCPosMS2O,,,,,,,,,,,,,,,,,,,,,,,,,,,,,,,,,,,,,,,,,,,,,
ISPCPosMS2O,-0.83ppm,H89 C44 P1 O6 N1 ,PC,36,2,isPCO- 36:2,Keine,758.6416,12530089.7,15460654,4336628.5,9320075.4,18396539.4,2017429.9,6388079.6,39002408.1,26261095.3,1070961.7,184.0734,2017429.9,6388079.6,39002408.1,26261095.3,1070961.7,None, None, None, None, None, None, None, None, None, None, None, None, None, None, None, None, None, None, None, None, None,
,,,,,,,,,,,,,,,,,,,,,,,,,,,,,,,,,,,,,,,,,,,,,,
,,,,,,,,,,,,,,,,,,,,,,,,,,,,,,,,,,,,,,,,,,,,,,
###,ISSMPosMS2,,,,,,,,,,,,,,,,,,,,,,,,,,,,,,,,,,,,,,,,,,,,,
ISSMPosMS2,-0.31ppm,H72 C35 P1 O6 N2 ,SM,30,1,isSM 30:1;2,None,647.5121,7938868.8,7804673.8,2451924.1,5953474.7,10956454.1,5569414.1,5320605.9,1769141.5,5443678,10081806,184.0735,5569414.1,5320605.9,1769141.5,5443678,10081806,2,None, None, None, None, None, None, None, None, None, None, None, None, None, None, None, None, None, None, None, None,
,,,,,,,,,,,,,,,,,,,,,,,,,,,,,,,,,,,,,,,,,,,,,,
,,,,,,,,,,,,,,,,,,,,,,,,,,,,,,,,,,,,,,,,,,,,,,
###,CholEsterPosMS1MS2,,,,,,,,,,,,,,,,,,,,,,,,,,,,,,,,,,,,,,,,,,,,,
CholEsterPosMS1MS2,-0.68ppm,H72 C39 O2 N1 ,CE,12,0,CE 12:0,Keine,586.5554,42765.2,20829.5,1715,26831,256845.3,0,2589.8,0,0,0,369.3532,0,2589.8,0,0,0,None, None, None, None, None, None, None, None, None, None, None, None, None, None, None, None, None, None, None, None, None,
CholEsterPosMS1MS2,-2.20ppm,H78 C43 O2 N1 ,CE,16,1,CE 16:1,Keine,640.6013,213040.7,25263.5,8245.9,98910.1,409557.8,8149.5,6215.3,19467.5,28875.7,3455.1,369.3511,8149.5,6215.3,19467.5,28875.7,3455.1,None, None, None, None, None, None, None, None, None, None, None, None, None, None, None, None, None, None, None, None, None,
CholEsterPosMS1MS2,0.78ppm,H80 C43 O2 N1 ,CE,16,0,CE 16:0,Keine,642.6189,0,0,0,8383.8,0,5584.4,9065.7,18054.5,14397.8,3438.9,369.3517,5584.4,9065.7,18054.5,14397.8,3438.9,None, None, None, None, None, None, None, None, None, None, None, None, None, None, None, None, None, None, None, None, None,
CholEsterPosMS1MS2,-0.31ppm,H76 C45 O2 N1 ,CE,18,4,CE 18:4,Keine,662.5869,0,0,0,8371.4,0,0,0,0,27224.2,0,369.3514,0,0,0,27224.2,0,None, None, None, None, None, None, None, None, None, None, None, None, None, None, None, None, None, None, None, None, None,
CholEsterPosMS1MS2,-0.56ppm,H78 C45 O2 N1 ,CE,18,3,CE 18:3,Keine,664.6023,0,0,0,59664.9,0,0,0,0,69120.5,0,369.3515,0,0,0,69120.5,0,None, None, None, None, None, None, None, None, None, None, None, None, None, None, None, None, None, None, None, None, None,
CholEsterPosMS1MS2,0.01ppm,H80 C45 O2 N1 ,CE,18,2,CE 18:2,Keine,666.6184,0,4141.2,422115.4,234462.5,1276.2,4490.2,11996.2,198877.4,102758,0,369.3515,4490.2,11996.2,198877.4,102758,0,None, None, None, None, None, None, None, None, None, None, None, None, None, None, None, None, None, None, None, None, None,
CholEsterPosMS1MS2,-1.36ppm,H82 C45 O2 N1 ,CE,18,1,CE 18:1,Keine,668.6331,1876.2,0,-1.7,200197.7,0,6786.3,12021.8,60438.3,135080.9,0,369.3496,6786.3,12021.8,60438.3,135080.9,0,None, None, None, None, None, None, None, None, None, None, None, None, None, None, None, None, None, None, None, None, None,
CholEsterPosMS1MS2,-0.81ppm,H78 C47 O2 N1 ,CE,20,5,CE 20:5,Keine,688.6021,0,0,0,75175.6,0,0,0,0,89482.8,0,369.3515,0,0,0,89482.8,0,None, None, None, None, None, None, None, None, None, None, None, None, None, None, None, None, None, None, None, None, None,
CholEsterPosMS1MS2,-0.35ppm,H80 C47 O2 N1 ,CE,20,4,CE 20:4,Keine,690.6181,0,0,639304.2,193263.2,0,3854.4,25115.6,285340.2,96303.1,0,369.3514,3854.4,25115.6,285340.2,96303.1,0,None, None, None, None, None, None, None, None, None, None, None, None, None, None, None, None, None, None, None, None, None,
CholEsterPosMS1MS2,0.33ppm,H82 C47 O2 N1 ,CE,20,3,CE 20:3,Keine,692.6342,0,0,0,64884.8,0,0,0,-1.6,64526.3,0,369.3522,0,0,-1.6,64526.3,0,None, None, None, None, None, None, None, None, None, None, None, None, None, None, None, None, None, None, None, None, None,
CholEsterPosMS1MS2,-0.51ppm,H80 C49 O2 N1 ,CE,22,6,CE 22:6,Keine,714.618,0,0,3862.5,0,0,0,4813.6,30468,5204.1,0,369.3524,0,4813.6,30468,5204.1,0,None, None, None, None, None, None, None, None, None, None, None, None, None, None, None, None, None, None, None, None, None,
CholEsterPosMS1MS2,0.15ppm,H82 C49 O2 N1 ,CE,22,5,CE 22:5,Keine,716.6341,0,0,0,11228.5,0,0,0,0,38813.5,0,369.3519,0,0,0,38813.5,0,None, None, None, None, None, None, None, None, None, None, None, None, None, None, None, None, None, None, None, None, None,
CholEsterPosMS1MS2,-5.51ppm,H88 C55 O2 N1 ,CE,28,8,CE 28:8,Keine,794.6766,0,4913.1,0,0,0,0,41276.6,35575.6,17164.2,0,369.3517,0,41276.6,35575.6,17164.2,0,None, None, None, None, None, None, None, None, None, None, None, None, None, None, None, None, None, None, None, None, None,
,,,,,,,,,,,,,,,,,,,,,,,,,,,,,,,,,,,,,,,,,,,,,,
,,,,,,,,,,,,,,,,,,,,,,,,,,,,,,,,,,,,,,,,,,,,,,
###,diHexCer2OHPosMS1MS2,,,,,,,,,,,,,,,,,,,,,,,,,,,,,,,,,,,,,,,,,,,,,
,,,,,,,,,,,,,,,,,,,,,,,,,,,,,,,,,,,,,,,,,,,,,,
,,,,,,,,,,,,,,,,,,,,,,,,,,,,,,,,,,,,,,,,,,,,,,
###,HexCer2OHPosMS1MS2,,,,,,,,,,,,,,,,,,,,,,,,,,,,,,,,,,,,,,,,,,,,,
HexCer2OHPosMS1MS2,-0.49ppm,H78 C40 O8 N1 ,HexCer,34,1,HexCer 34:1;2,HexCer 18:1/16:0,700.5718,16587.9,4173.9,0,35000.4,17114.5,0,20350.4,5749.9,45556.1,0,264.2689,0,20350.4,5749.9,41746,0,2,282.2795,0,0,0,3810,0,None, None, None, None, None, None, None, None, None, None, None, None, None, None,
HexCer2OHPosMS1MS2,1.56ppm,H80 C42 O8 N1 ,HexCer,36,2,HexCer 36:2;2,HexCer 18:1/18:1,726.589,0,25131.3,0,0,0,28401.6,40643.7,4639.8,22761,61712.1,264.2686,28401.6,37790.9,4639.8,22761,57645.8,2,282.2799,0,2852.8,0,0,4066.4,None, None, None, None, None, None, None, None, None, None, None, None, None, None,
HexCer2OHPosMS1MS2,-0.50ppm,H82 C42 O8 N1 ,HexCer,36,1,HexCer 36:1;2,HexCer 18:1/18:0,728.6031,20069.3,1319208.4,1688.3,4579.4,13449.1,0,225320.8,0,0,0,264.2686,0,213743.2,0,0,0,2,282.2791,0,11577.6,0,0,0,None, None, None, None, None, None, None, None, None, None, None, None, None, None,
HexCer2OHPosMS1MS2,-0.50ppm,H82 C42 O8 N1 ,HexCer,36,1,HexCer 36:1;2,HexCer 20:1/16:0,728.6031,20069.3,1319208.4,1688.3,4579.4,13449.1,0,64090.6,0,4753.6,0,292.3,0,56640,0,4753.6,0,2,310.3116,0,7450.6,0,0,0,None, None, None, None, None, None, None, None, None, None, None, None, None, None,
HexCer2OHPosMS1MS2,-0.86ppm,H82 C44 O8 N1 ,HexCer,38,3,HexCer 38:3;2,HexCer 20:0/18:3,752.6028,2493.2,0,0,0,0,0,74905.7,32726.4,5503,0,294.3155,0,64943.3,32726.4,5503,0,2,312.3243,0,9962.4,0,0,0,None, None, None, None, None, None, None, None, None, None, None, None, None, None,
HexCer2OHPosMS1MS2,-1.85ppm,H86 C44 O8 N1 ,HexCer,38,1,HexCer 38:1;2,HexCer 18:1/20:0,756.6334,109376.8,301410.1,2092.3,4614.4,47386.5,0,105178.5,0,0,0,264.2687,0,97066,0,0,0,2,282.2819,0,8112.5,0,0,0,None, None, None, None, None, None, None, None, None, None, None, None, None, None,
HexCer2OHPosMS1MS2,-0.14ppm,H90 C46 O8 N1 ,HexCer,40,1,HexCer 40:1;2,HexCer 18:1/22:0,784.666,8001.9,1857778.9,2809.9,0,3446.4,16526.2,506838.3,0,36883.8,34974.9,264.2684,16526.2,468099.6,0,36883.8,34974.9,2,282.2798,0,38738.7,0,0,0,None, None, None, None, None, None, None, None, None, None, None, None, None, None,
HexCer2OHPosMS1MS2,-0.54ppm,H90 C48 O8 N1 ,HexCer,42,3,HexCer 42:3;2,HexCer 18:1/24:2,808.6657,21048.7,1117459.7,0,0,0,53307.4,334415.1,20963.2,55345.5,117420.2,264.2687,48698.9,304928.1,20963.2,45436.6,111083.5,2,282.2793,4608.5,29487,0,9908.9,6336.7,None, None, None, None, None, None, None, None, None, None, None, None, None, None,
HexCer2OHPosMS1MS2,-0.24ppm,H92 C48 O8 N1 ,HexCer,42,2,HexCer 42:2;2,HexCer 18:1/24:1,810.6815,10556.4,16670543.2,0,43201.8,0,0,4450996.1,0,31092.6,-1.7,264.2686,0,4067022.2,0,31092.6,-1.7,2,282.2795,0,383973.9,0,0,0,None, None, None, None, None, None, None, None, None, None, None, None, None, None,
HexCer2OHPosMS1MS2,0.22ppm,H94 C48 O8 N1 ,HexCer,42,1,HexCer 42:1;2,HexCer 18:1/24:0,812.6976,14560.8,997348.8,9825.9,0,3123.8,0,-1.7,31967.2,39133.2,0,264.2687,0,-1.7,31967.2,26633.2,0,2,282.2791,0,-1.7,0,12500,0,None, None, None, None, None, None, None, None, None, None, None, None, None, None,
HexCer2OHPosMS1MS2,-4.40ppm,H96 C48 O8 N1 ,HexCer,42,0,HexCer 42:0;2,HexCer 18:1/24:0,814.7095,-1.8,-1.8,0,0,0,0,469681,0,-1.8,3671,264.2684,0,446232,0,-1.8,3671,2,282.2796,0,23449,0,0,0,None, None, None, None, None, None, None, None, None, None, None, None, None, None,
HexCer2OHPosMS1MS2,0.97ppm,H100 C50 O8 N1 ,HexCer,44,0,HexCer 44:0;2,HexCer 18:1/26:0,842.7452,598902.5,250935.2,348353.5,538679.1,762868.2,0,47857.6,0,0,0,264.2684,0,42232.4,0,0,0,2,282.2766,0,5625.2,0,0,0,None, None, None, None, None, None, None, None, None, None, None, None, None, None,
,,,,,,,,,,,,,,,,,,,,,,,,,,,,,,,,,,,,,,,,,,,,,,
,,,,,,,,,,,,,,,,,,,,,,,,,,,,,,,,,,,,,,,,,,,,,,
###,PCOPosMS1MS2,,,,,,,,,,,,,,,,,,,,,,,,,,,,,,,,,,,,,,,,,,,,,
PCOPosMS1MS2,-0.39ppm,H73 C36 N1 O7 P1 ,PCO-,28,1,PCO- 28:1,Keine,662.5117,0,0,0,15521.4,0,16171.9,61431.1,61387.4,170627.7,3756.2,184.0734,16171.9,61431.1,61387.4,170627.7,3756.2,None, None, None, None, None, None, None, None, None, None, None, None, None, None, None, None, None, None, None, None, None,
PCOPosMS1MS2,-0.29ppm,H75 C36 N1 O7 P1 ,PCO-,28,0,PCO- 28:0,Keine,664.5274,0,0,0,134571.1,0,8216,87385.6,95040.5,339619.1,6862.8,184.0732,8216,87385.6,95040.5,339619.1,6862.8,None, None, None, None, None, None, None, None, None, None, None, None, None, None, None, None, None, None, None, None, None,
PCOPosMS1MS2,-3.89ppm,H71 C38 N1 O7 P1 ,PCO-,30,4,PCO- 30:4,Keine,684.4936,58700.6,73273.9,14198.2,63402.4,98665.9,5957.2,22711.8,31936.4,27121.1,4062.9,184.0733,5957.2,22711.8,31936.4,27121.1,4062.9,None, None, None, None, None, None, None, None, None, None, None, None, None, None, None, None, None, None, None, None, None,
PCOPosMS1MS2,-0.50ppm,H75 C38 N1 O7 P1 ,PCO-,30,2,PCO- 30:2,Keine,688.5272,0,0,0,3668.4,0,20901.1,67529,73286.1,271670,0,184.0734,20901.1,67529,73286.1,271670,0,None, None, None, None, None, None, None, None, None, None, None, None, None, None, None, None, None, None, None, None, None,
PCOPosMS1MS2,-0.51ppm,H77 C38 N1 O7 P1 ,PCO-,30,1,PCO- 30:1,Keine,690.5429,0,0,0,1385017.2,0,22027.9,53886.6,391966.6,1729169.6,0,184.0734,22027.9,53886.6,391966.6,1729169.6,0,None, None, None, None, None, None, None, None, None, None, None, None, None, None, None, None, None, None, None, None, None,
PCOPosMS1MS2,-0.06ppm,H79 C38 N1 O7 P1 ,PCO-,30,0,PCO- 30:0,Keine,692.5588,0,0,0,1542595.9,0,10606.4,101746.1,68315,2435129.9,3114,184.0732,10606.4,101746.1,68315,2435129.9,3114,None, None, None, None, None, None, None, None, None, None, None, None, None, None, None, None, None, None, None, None, None,
PCOPosMS1MS2,-4.42ppm,H75 C40 N1 O7 P1 ,PCO-,32,4,PCO- 32:4,Keine,712.5244,0,0,1825.5,44002.6,0,10733.1,37106.6,38042.4,134288.4,5115.4,184.0734,10733.1,37106.6,38042.4,134288.4,5115.4,None, None, None, None, None, None, None, None, None, None, None, None, None, None, None, None, None, None, None, None, None,
PCOPosMS1MS2,-1.51ppm,H77 C40 N1 O7 P1 ,PCO-,32,3,PCO- 32:3,Keine,714.5421,0,0,0,347989.1,0,20711.6,44521.6,62846.2,319338,20070.2,184.0734,20711.6,44521.6,62846.2,319338,20070.2,None, None, None, None, None, None, None, None, None, None, None, None, None, None, None, None, None, None, None, None, None,
PCOPosMS1MS2,0.56ppm,H79 C40 N1 O7 P1 ,PCO-,32,2,PCO- 32:2,Keine,716.5593,0,35234.2,0,2060438,0,15921.8,80967.9,97339.7,2138709.3,-1.6,184.0734,15921.8,80967.9,97339.7,2138709.3,-1.6,None, None, None, None, None, None, None, None, None, None, None, None, None, None, None, None, None, None, None, None, None,
PCOPosMS1MS2,-0.08ppm,H81 C40 N1 O7 P1 ,PCO-,32,1,PCO- 32:1,Keine,718.5745,0,1315802.6,655836.9,5745180.8,0,174561,1102225.4,871949.8,7351996.8,232811.4,184.0734,174561,1102225.4,871949.8,7351996.8,232811.4,None, None, None, None, None, None, None, None, None, None, None, None, None, None, None, None, None, None, None, None, None,
PCOPosMS1MS2,0.51ppm,H83 C40 N1 O7 P1 ,PCO-,32,0,PCO- 32:0,Keine,720.5905,13431.5,1595381,2340502.9,1563358.8,0,86860.8,1535504.2,2965684.5,3045944.3,-1.6,184.0734,86860.8,1535504.2,2965684.5,3045944.3,-1.6,None, None, None, None, None, None, None, None, None, None, None, None, None, None, None, None, None, None, None, None, None,
PCOPosMS1MS2,0.40ppm,H73 C42 N1 O7 P1 ,PCO-,34,7,PCO- 34:7,Keine,734.5122,0,0,0,2552.5,0,1817236.2,83754125.5,90216738.4,204.4,2655,184.0737,1817236.2,83754125.5,90216738.4,204.4,2655,None, None, None, None, None, None, None, None, None, None, None, None, None, None, None, None, None, None, None, None, None,
PCOPosMS1MS2,-5.01ppm,H75 C42 N1 O7 P1 ,PCO-,34,6,PCO- 34:6,Keine,736.5239,8272.9,4765.2,0,537938.9,0,-1.6,-1.6,-1.6,605110.8,0,184.0734,-1.6,-1.6,-1.6,605110.8,0,None, None, None, None, None, None, None, None, None, None, None, None, None, None, None, None, None, None, None, None, None,
PCOPosMS1MS2,-0.56ppm,H79 C42 N1 O7 P1 ,PCO-,34,4,PCO- 34:4,Keine,740.5584,0,0,0,1550276.6,0,12640.6,43968.3,69244.1,1031408,0,184.0734,12640.6,43968.3,69244.1,1031408,0,None, None, None, None, None, None, None, None, None, None, None, None, None, None, None, None, None, None, None, None, None,
PCOPosMS1MS2,-0.10ppm,H81 C42 N1 O7 P1 ,PCO-,34,3,PCO- 34:3,Keine,742.5744,0,41808.5,34657.8,3486192.9,0,13650.7,57887.2,155520.6,2349500.7,4428.6,184.0735,13650.7,57887.2,155520.6,2349500.7,4428.6,None, None, None, None, None, None, None, None, None, None, None, None, None, None, None, None, None, None, None, None, None,
PCOPosMS1MS2,-0.52ppm,H83 C42 N1 O7 P1 ,PCO-,34,2,PCO- 34:2,Keine,744.5898,41082.7,1585916.8,871923.3,6281558,0,54005.6,895861.3,963667.9,5395063.2,0,184.0734,54005.6,895861.3,963667.9,5395063.2,0,None, None, None, None, None, None, None, None, None, None, None, None, None, None, None, None, None, None, None, None, None,
PCOPosMS1MS2,-0.19ppm,H85 C42 N1 O7 P1 ,PCO-,34,1,PCO- 34:1,Keine,746.6057,51108.1,9287665.2,4668109.6,6022270.4,0,110231.9,5356992.2,4427602.5,8736771.1,0,184.0734,110231.9,5356992.2,4427602.5,8736771.1,0,None, None, None, None, None, None, None, None, None, None, None, None, None, None, None, None, None, None, None, None, None,
PCOPosMS1MS2,0.74ppm,H87 C42 N1 O7 P1 ,PCO-,34,0,PCO- 34:0,Keine,748.622,0,645878.8,200664.2,1681.3,0,9566.7,661802,1110082.1,261047,0,184.0734,9566.7,661802,1110082.1,261047,0,None, None, None, None, None, None, None, None, None, None, None, None, None, None, None, None, None, None, None, None, None,
PCOPosMS1MS2,-3.92ppm,H69 C44 N1 O7 P1 ,PCO-,36,11,PCO- 36:11,Keine,754.4777,0,0,0,2871.3,1510.1,10150.1,58931.6,235667.9,3079642.9,0,184.0735,10150.1,58931.6,235667.9,3079642.9,0,None, None, None, None, None, None, None, None, None, None, None, None, None, None, None, None, None, None, None, None, None,
PCOPosMS1MS2,-5.49ppm,H71 C44 N1 O7 P1 ,PCO-,36,10,PCO- 36:10,Keine,756.4921,4829.9,0,30397.6,0,0,77487,389379.4,1969436.3,8366367.8,0,184.0735,77487,389379.4,1969436.3,8366367.8,0,None, None, None, None, None, None, None, None, None, None, None, None, None, None, None, None, None, None, None, None, None,
PCOPosMS1MS2,-2.65ppm,H75 C44 N1 O7 P1 ,PCO-,36,8,PCO- 36:8,Keine,760.5256,25901.4,0,0,0,120879.3,892624.5,186353129.1,66297289,32317850.6,-1.7,184.0735,892624.5,186353129.1,66297289,32317850.6,-1.7,None, None, None, None, None, None, None, None, None, None, None, None, None, None, None, None, None, None, None, None, None,
PCOPosMS1MS2,-0.80ppm,H77 C44 N1 O7 P1 ,PCO-,36,7,PCO- 36:7,Keine,762.5426,0,29815.9,0,4073.7,0,-1.7,-1.7,1080923.1,-1.7,-1.7,184.0734,-1.7,-1.7,1080923.1,-1.7,-1.7,None, None, None, None, None, None, None, None, None, None, None, None, None, None, None, None, None, None, None, None, None,
PCOPosMS1MS2,3.20ppm,H79 C44 N1 O7 P1 ,PCO-,36,6,PCO- 36:6,Keine,764.5613,152668.8,56441.3,10767.6,2457569.2,90987.1,38999.6,1285604.1,1331485.2,1673929.7,7829.6,184.0734,38999.6,1285604.1,1331485.2,1673929.7,7829.6,None, None, None, None, None, None, None, None, None, None, None, None, None, None, None, None, None, None, None, None, None,
PCOPosMS1MS2,-0.80ppm,H81 C44 N1 O7 P1 ,PCO-,36,5,PCO- 36:5,Keine,766.5739,16005.4,450465.7,803366.2,3268029,0,79573,-1.7,352793.8,2405808.4,1608,184.0732,79573,-1.7,352793.8,2405808.4,1608,None, None, None, None, None, None, None, None, None, None, None, None, None, None, None, None, None, None, None, None, None,
PCOPosMS1MS2,-0.60ppm,H83 C44 N1 O7 P1 ,PCO-,36,4,PCO- 36:4,Keine,768.5897,247857,722887.7,2535134.5,2384689.2,0,171191.8,573406.3,2302232.8,1695859.8,0,184.0734,171191.8,573406.3,2302232.8,1695859.8,0,None, None, None, None, None, None, None, None, None, None, None, None, None, None, None, None, None, None, None, None, None,
PCOPosMS1MS2,-0.26ppm,H85 C44 N1 O7 P1 ,PCO-,36,3,PCO- 36:3,Keine,770.6056,0,333323.5,93234.9,3154131.2,0,-1.7,220574.4,-1.7,3554140.4,0,184.0734,-1.7,220574.4,-1.7,3554140.4,0,None, None, None, None, None, None, None, None, None, None, None, None, None, None, None, None, None, None, None, None, None,
PCOPosMS1MS2,-0.71ppm,H87 C44 N1 O7 P1 ,PCO-,36,2,PCO- 36:2,Keine,772.6209,38425.9,2182989.6,626486.9,2225310,40033.2,92749.3,1429092.9,2611670.2,6255781.6,5420,184.0734,92749.3,1429092.9,2611670.2,6255781.6,5420,None, None, None, None, None, None, None, None, None, None, None, None, None, None, None, None, None, None, None, None, None,
PCOPosMS1MS2,-0.59ppm,H89 C44 N1 O7 P1 ,PCO-,36,1,PCO- 36:1,Keine,774.6367,0,2688741.7,116327.6,206255.8,7520.3,53187.2,2923116.8,1456329.6,2520557.1,1389.5,184.0734,53187.2,2923116.8,1456329.6,2520557.1,1389.5,None, None, None, None, None, None, None, None, None, None, None, None, None, None, None, None, None, None, None, None, None,
PCOPosMS1MS2,-1.12ppm,H91 C44 N1 O7 P1 ,PCO-,36,0,PCO- 36:0,Keine,776.6519,0,4713.4,16215.7,0,0,17234.7,-1.7,251459,548715.5,4101.5,184.0734,17234.7,-1.7,251459,548715.5,4101.5,None, None, None, None, None, None, None, None, None, None, None, None, None, None, None, None, None, None, None, None, None,
PCOPosMS1MS2,0.60ppm,H79 C46 N1 O7 P1 ,PCO-,38,8,PCO- 38:8,Keine,788.5593,0,0,0,8456.4,0,143214,55028659.3,4601645.7,4286339.4,3045,184.0735,143214,55028659.3,4601645.7,4286339.4,3045,None, None, None, None, None, None, None, None, None, None, None, None, None, None, None, None, None, None, None, None, None,
PCOPosMS1MS2,-0.34ppm,H81 C46 N1 O7 P1 ,PCO-,38,7,PCO- 38:7,Keine,790.5742,0,17066.1,24521.9,538184.8,0,92865.3,-1.7,769717.9,-1.7,17907,184.0734,92865.3,-1.7,769717.9,-1.7,17907,None, None, None, None, None, None, None, None, None, None, None, None, None, None, None, None, None, None, None, None, None,
PCOPosMS1MS2,-1.36ppm,H83 C46 N1 O7 P1 ,PCO-,38,6,PCO- 38:6,Keine,792.5891,610120.9,0,644401.7,3170882,0,484364.7,263854.1,649022.2,2884044.1,-1.7,184.0735,484364.7,263854.1,649022.2,2884044.1,-1.7,None, None, None, None, None, None, None, None, None, None, None, None, None, None, None, None, None, None, None, None, None,
PCOPosMS1MS2,3.27ppm,H85 C46 N1 O7 P1 ,PCO-,38,5,PCO- 38:5,Keine,794.6084,145707.5,738760.4,3451627.2,2222327.7,357416.9,19302.4,608048.2,3269203.1,1725940.2,0,184.0734,19302.4,608048.2,3269203.1,1725940.2,0,None, None, None, None, None, None, None, None, None, None, None, None, None, None, None, None, None, None, None, None, None,
PCOPosMS1MS2,0.64ppm,H87 C46 N1 O7 P1 ,PCO-,38,4,PCO- 38:4,Keine,796.622,0,47838.6,782259.4,443786.4,0,94118.9,372647.8,871614.1,758361.7,0,184.0734,94118.9,372647.8,871614.1,758361.7,0,None, None, None, None, None, None, None, None, None, None, None, None, None, None, None, None, None, None, None, None, None,
PCOPosMS1MS2,0.31ppm,H89 C46 N1 O7 P1 ,PCO-,38,3,PCO- 38:3,Keine,798.6374,2968.4,0,2847.7,49920.2,0,73340.1,427068.6,951306.4,1554264.8,0,184.0734,73340.1,427068.6,951306.4,1554264.8,0,None, None, None, None, None, None, None, None, None, None, None, None, None, None, None, None, None, None, None, None, None,
PCOPosMS1MS2,-1.18ppm,H91 C46 N1 O7 P1 ,PCO-,38,2,PCO- 38:2,Keine,800.6518,0,0,13757.3,5396.2,0,54627.6,701796.2,774197.4,2580021.1,0,184.0734,54627.6,701796.2,774197.4,2580021.1,0,None, None, None, None, None, None, None, None, None, None, None, None, None, None, None, None, None, None, None, None, None,
PCOPosMS1MS2,1.66ppm,H93 C46 N1 O7 P1 ,PCO-,38,1,PCO- 38:1,Keine,802.6697,0,541550.2,-1.7,0,0,61946.5,810388,590335.1,1613904.2,0,184.0734,61946.5,810388,590335.1,1613904.2,0,None, None, None, None, None, None, None, None, None, None, None, None, None, None, None, None, None, None, None, None, None,
PCOPosMS1MS2,-1.78ppm,H95 C46 N1 O7 P1 ,PCO-,38,0,PCO- 38:0,Keine,804.6826,0,34509.9,0,0,0,15382.2,208084.5,357608.7,1065976.5,5556.2,184.0735,15382.2,208084.5,357608.7,1065976.5,5556.2,None, None, None, None, None, None, None, None, None, None, None, None, None, None, None, None, None, None, None, None, None,
PCOPosMS1MS2,5.63ppm,H79 C48 N1 O7 P1 ,PCO-,40,10,PCO- 40:10,Keine,812.5634,5011.6,10926.8,0,2236.2,3008.6,-1.7,-1.7,-1.7,2796588.9,0,184.0734,-1.7,-1.7,-1.7,2796588.9,0,None, None, None, None, None, None, None, None, None, None, None, None, None, None, None, None, None, None, None, None, None,
PCOPosMS1MS2,-0.17ppm,H81 C48 N1 O7 P1 ,PCO-,40,9,PCO- 40:9,Keine,814.5744,0,0,0,2109.4,2530.6,470301.2,6147397.1,8898279,2133510.2,0,184.0735,470301.2,6147397.1,8898279,2133510.2,0,None, None, None, None, None, None, None, None, None, None, None, None, None, None, None, None, None, None, None, None, None,
PCOPosMS1MS2,0.45ppm,H83 C48 N1 O7 P1 ,PCO-,40,8,PCO- 40:8,Keine,816.5905,2262.2,0,0,22002.3,0,55914.1,1256172.2,-1.8,-1.8,3807,184.0732,55914.1,1256172.2,-1.8,-1.8,3807,None, None, None, None, None, None, None, None, None, None, None, None, None, None, None, None, None, None, None, None, None,
PCOPosMS1MS2,-0.14ppm,H85 C48 N1 O7 P1 ,PCO-,40,7,PCO- 40:7,Keine,818.6057,152554.7,67381.6,416080.4,325304.3,0,204097.4,170995.8,1041031.5,648366.4,523.2,184.0736,204097.4,170995.8,1041031.5,648366.4,523.2,None, None, None, None, None, None, None, None, None, None, None, None, None, None, None, None, None, None, None, None, None,
PCOPosMS1MS2,0.06ppm,H87 C48 N1 O7 P1 ,PCO-,40,6,PCO- 40:6,Keine,820.6215,-1.8,70930.4,359237.7,1368344,0,-1.9,730420.2,229540.4,1217321,0,184.0734,-1.9,730420.2,229540.4,1217321,0,None, None, None, None, None, None, None, None, None, None, None, None, None, None, None, None, None, None, None, None, None,
PCOPosMS1MS2,1.59ppm,H89 C48 N1 O7 P1 ,PCO-,40,5,PCO- 40:5,Keine,822.6384,0,1399627.4,400980.1,-1.8,0,101307.2,-1.8,871882.5,-1.8,0,184.0734,101307.2,-1.8,871882.5,-1.8,0,None, None, None, None, None, None, None, None, None, None, None, None, None, None, None, None, None, None, None, None, None,
PCOPosMS1MS2,-3.28ppm,H91 C48 N1 O7 P1 ,PCO-,40,4,PCO- 40:4,Keine,824.6501,0,-1.8,340714.2,6668.4,0,146738.6,660142.8,630250.8,710155.5,198270,184.0734,146738.6,660142.8,630250.8,710155.5,198270,None, None, None, None, None, None, None, None, None, None, None, None, None, None, None, None, None, None, None, None, None,
PCOPosMS1MS2,-1.59ppm,H97 C48 N1 O7 P1 ,PCO-,40,1,PCO- 40:1,Keine,830.6984,0,1175489.9,0,0,0,187319,1095658.7,1853584.9,777680.9,14869.6,184.0734,187319,1095658.7,1853584.9,777680.9,14869.6,None, None, None, None, None, None, None, None, None, None, None, None, None, None, None, None, None, None, None, None, None,
PCOPosMS1MS2,5.76ppm,H81 C50 N1 O7 P1 ,PCO-,42,11,PCO- 42:11,Keine,838.5793,0,4669.1,0,0,0,22644.4,841984.8,215453.8,-1.8,415.3,184.0734,22644.4,841984.8,215453.8,-1.8,415.3,None, None, None, None, None, None, None, None, None, None, None, None, None, None, None, None, None, None, None, None, None,
PCOPosMS1MS2,0.83ppm,H85 C50 N1 O7 P1 ,PCO-,42,9,PCO- 42:9,Keine,842.6065,64927.6,11824.4,3524.5,55968,264788.4,36255.8,1636321.9,379917.9,64209.1,0,184.0734,36255.8,1636321.9,379917.9,64209.1,0,None, None, None, None, None, None, None, None, None, None, None, None, None, None, None, None, None, None, None, None, None,
PCOPosMS1MS2,-3.93ppm,H89 C50 N1 O7 P1 ,PCO-,42,7,PCO- 42:7,Keine,846.6338,0,0,18989.3,26655.2,0,79327.8,389107.5,517775,131633.5,5609.9,184.0732,79327.8,389107.5,517775,131633.5,5609.9,None, None, None, None, None, None, None, None, None, None, None, None, None, None, None, None, None, None, None, None, None,
PCOPosMS1MS2,2.68ppm,H91 C50 N1 O7 P1 ,PCO-,42,6,PCO- 42:6,Keine,848.655,0,625770.8,4675.3,0,0,8048.6,73082.5,-1.9,194471.4,-1.9,184.0735,8048.6,73082.5,-1.9,194471.4,-1.9,None, None, None, None, None, None, None, None, None, None, None, None, None, None, None, None, None, None, None, None, None,
PCOPosMS1MS2,3.20ppm,H93 C50 N1 O7 P1 ,PCO-,42,5,PCO- 42:5,Keine,850.6711,0,979225.3,44504.8,0,0,26130.7,311654.6,392263.5,196172.3,0,184.0733,26130.7,311654.6,392263.5,196172.3,0,None, None, None, None, None, None, None, None, None, None, None, None, None, None, None, None, None, None, None, None, None,
PCOPosMS1MS2,-0.98ppm,H95 C50 N1 O7 P1 ,PCO-,42,4,PCO- 42:4,Keine,852.6832,0,-1.8,-1.8,0,0,20808.8,-1.8,-1.8,2480,0,184.0735,20808.8,-1.8,-1.8,2480,0,None, None, None, None, None, None, None, None, None, None, None, None, None, None, None, None, None, None, None, None, None,
PCOPosMS1MS2,-1.09ppm,H89 C52 N1 O7 P1 ,PCO-,44,9,PCO- 44:9,Keine,870.6362,0,0,0,0,1586,58049.9,936029.1,442572.2,85614.9,2707.7,184.0733,58049.9,936029.1,442572.2,85614.9,2707.7,None, None, None, None, None, None, None, None, None, None, None, None, None, None, None, None, None, None, None, None, None,
PCOPosMS1MS2,-3.99ppm,H91 C52 N1 O7 P1 ,PCO-,44,8,PCO- 44:8,Keine,872.6493,0,0,0,23681.3,0,-1.8,346234.9,168461.6,37578.1,22483.5,184.0735,-1.8,346234.9,168461.6,37578.1,22483.5,None, None, None, None, None, None, None, None, None, None, None, None, None, None, None, None, None, None, None, None, None,
PCOPosMS1MS2,2.95ppm,H99 C52 N1 O7 P1 ,PCO-,44,4,PCO- 44:4,Keine,880.718,5778.9,315236,2662.6,1092489.8,0,7078.8,-2,38035.4,38845,0,184.0734,7078.8,-2,38035.4,38845,0,None, None, None, None, None, None, None, None, None, None, None, None, None, None, None, None, None, None, None, None, None,
PCOPosMS1MS2,3.23ppm,H101 C54 N1 O7 P1 ,PCO-,46,5,PCO- 46:5,Keine,906.7339,0,0,0,3046,0,8014.7,68349.3,45272.4,22348.7,6732.3,184.0733,8014.7,68349.3,45272.4,22348.7,6732.3,None, None, None, None, None, None, None, None, None, None, None, None, None, None, None, None, None, None, None, None, None,
PCOPosMS1MS2,-5.03ppm,H91 C56 N1 O7 P1 ,PCO-,48,12,PCO- 48:12,Keine,920.6481,0,0,0,0,1623.2,11846.2,63987.4,70107.9,29603.5,10636.2,184.0734,11846.2,63987.4,70107.9,29603.5,10636.2,None, None, None, None, None, None, None, None, None, None, None, None, None, None, None, None, None, None, None, None, None,
PCOPosMS1MS2,0.18ppm,H93 C56 N1 O7 P1 ,PCO-,48,11,PCO- 48:11,Keine,922.6686,0,0,0,4159.9,0,312.9,7337.1,57719.4,13644.5,-1.9,184.0738,312.9,7337.1,57719.4,13644.5,-1.9,None, None, None, None, None, None, None, None, None, None, None, None, None, None, None, None, None, None, None, None, None,
PCOPosMS1MS2,-0.44ppm,H97 C56 N1 O7 P1 ,PCO-,48,9,PCO- 48:9,Keine,926.6993,0,6859,0,2083.2,0,3331.2,44186.7,43821.8,25452.9,0,184.0733,3331.2,44186.7,43821.8,25452.9,0,None, None, None, None, None, None, None, None, None, None, None, None, None, None, None, None, None, None, None, None, None,
PCOPosMS1MS2,2.95ppm,H105 C56 N1 O7 P1 ,PCO-,48,5,PCO- 48:5,Keine,934.7651,2680.5,0,0,0,1699.9,16654,53894.8,30631.5,23792.5,23866,184.0733,16654,53894.8,30631.5,23792.5,23866,None, None, None, None, None, None, None, None, None, None, None, None, None, None, None, None, None, None, None, None, None,
PCOPosMS1MS2,-2.32ppm,H97 C58 N1 O7 P1 ,PCO-,50,11,PCO- 50:11,Keine,950.6975,23796.8,5171.1,2941,6923.8,33040.6,8715.2,51721,46281.4,46543.2,3589.1,184.0735,8715.2,51721,46281.4,46543.2,3589.1,None, None, None, None, None, None, None, None, None, None, None, None, None, None, None, None, None, None, None, None, None,
PCOPosMS1MS2,5.71ppm,H107 C58 N1 O7 P1 ,PCO-,50,6,PCO- 50:6,Keine,960.7834,34974.6,0,0,7728.3,103100,71996.3,116697.9,79959.6,88769.8,94663,184.0734,71996.3,116697.9,79959.6,88769.8,94663,None, None, None, None, None, None, None, None, None, None, None, None, None, None, None, None, None, None, None, None, None,
PCOPosMS1MS2,5.50ppm,H111 C58 N1 O7 P1 ,PCO-,50,4,PCO- 50:4,Keine,964.8146,0,7045.2,0,0,0,5778.3,43997.3,61669.1,48395.6,3539,184.0733,5778.3,43997.3,61669.1,48395.6,3539,None, None, None, None, None, None, None, None, None, None, None, None, None, None, None, None, None, None, None, None, None,
,,,,,,,,,,,,,,,,,,,,,,,,,,,,,,,,,,,,,,,,,,,,,,
,,,,,,,,,,,,,,,,,,,,,,,,,,,,,,,,,,,,,,,,,,,,,,
###,PCPosMS1MS2,,,,,,,,,,,,,,,,,,,,,,,,,,,,,,,,,,,,,,,,,,,,,
PCPosMS1MS2,3.05ppm,H67 C34 N1 O8 P1 ,PC,26,1,PC 26:1,Keine,648.4619,45042.6,4470011.2,727392.3,2389699,221690.5,1915619,1982212.9,641139.4,2015945.6,3332260.1,184.0734,1915619,1982212.9,641139.4,2015945.6,3332260.1,None, None, None, None, None, None, None, None, None, None, None, None, None, None, None, None, None, None, None, None, None,
PCPosMS1MS2,-1.16ppm,H69 C34 N1 O8 P1 ,PC,26,0,PC 26:0,Keine,650.4748,3914.7,0,0,78622,4866.6,-1.5,98608.5,311608.1,239207.8,-1.5,184.0734,-1.5,98608.5,311608.1,239207.8,-1.5,None, None, None, None, None, None, None, None, None, None, None, None, None, None, None, None, None, None, None, None, None,
PCPosMS1MS2,-1.33ppm,H67 C36 N1 O8 P1 ,PC,28,3,PC 28:3,Keine,672.459,0,0,1627.7,0,0,8509.7,37025.3,31075.9,60259.5,0,184.0732,8509.7,37025.3,31075.9,60259.5,0,None, None, None, None, None, None, None, None, None, None, None, None, None, None, None, None, None, None, None, None, None,
PCPosMS1MS2,2.02ppm,H69 C36 N1 O8 P1 ,PC,28,2,PC 28:2,Keine,674.4769,0,0,0,3807.5,0,20164.5,61692.7,93196.6,212007.1,0,184.0734,20164.5,61692.7,93196.6,212007.1,0,None, None, None, None, None, None, None, None, None, None, None, None, None, None, None, None, None, None, None, None, None,
PCPosMS1MS2,-0.42ppm,H71 C36 N1 O8 P1 ,PC,28,1,PC 28:1,Keine,676.4909,0,0,0,761226.8,0,20137.5,78489.9,181096.1,2032881.4,5578.2,184.0735,20137.5,78489.9,181096.1,2032881.4,5578.2,None, None, None, None, None, None, None, None, None, None, None, None, None, None, None, None, None, None, None, None, None,
PCPosMS1MS2,-0.27ppm,H73 C36 N1 O8 P1 ,PC,28,0,PC 28:0,Keine,678.5066,3998.5,8488.1,0,3465147.8,0,17234.4,190951.6,234163.5,3647842.7,2939.2,184.0733,17234.4,190951.6,234163.5,3647842.7,2939.2,None, None, None, None, None, None, None, None, None, None, None, None, None, None, None, None, None, None, None, None, None,
PCPosMS1MS2,5.93ppm,H69 C38 N1 O8 P1 ,PC,30,4,PC 30:4,Keine,698.4797,5197.4,4024.4,0,0,1418.6,13688.6,33002.9,33439.7,83012,4230.9,184.0735,13688.6,33002.9,33439.7,83012,4230.9,None, None, None, None, None, None, None, None, None, None, None, None, None, None, None, None, None, None, None, None, None,
PCPosMS1MS2,-0.01ppm,H73 C38 N1 O8 P1 ,PC,30,2,PC 30:2,Keine,702.5068,0,0,0,1018049.8,0,175784.4,77780.8,697494.6,1531419.8,2449.4,184.0733,175784.4,77780.8,697494.6,1531419.8,2449.4,None, None, None, None, None, None, None, None, None, None, None, None, None, None, None, None, None, None, None, None, None,
PCPosMS1MS2,-0.22ppm,H75 C38 N1 O8 P1 ,PC,30,1,PC 30:1,Keine,704.5223,0,0,0,8402410.3,0,564929.7,333921.5,4046781.2,13571783.1,0,184.0735,564929.7,333921.5,4046781.2,13571783.1,0,None, None, None, None, None, None, None, None, None, None, None, None, None, None, None, None, None, None, None, None, None,
PCPosMS1MS2,-0.54ppm,H77 C38 N1 O8 P1 ,PC,30,0,PC 30:0,Keine,706.5378,0,2356503.7,1143994.5,11841074.3,0,-1.6,1415956.3,219566.7,9850894.6,4902.9,184.0733,-1.6,1415956.3,219566.7,9850894.6,4902.9,None, None, None, None, None, None, None, None, None, None, None, None, None, None, None, None, None, None, None, None, None,
PCPosMS1MS2,3.29ppm,H69 C40 N1 O8 P1 ,PC,32,6,PC 32:6,Keine,722.4779,2646,0,0,0,0,-1.6,-1.6,-1.6,-1.6,0,184.0734,-1.6,-1.6,-1.6,-1.6,0,None, None, None, None, None, None, None, None, None, None, None, None, None, None, None, None, None, None, None, None, None,
PCPosMS1MS2,-1.66ppm,H71 C40 N1 O8 P1 ,PC,32,5,PC 32:5,Keine,724.49,0,12321.1,52474.9,16091.3,1274.4,7176.6,33560.4,40018.2,146536.6,4630.3,184.0733,7176.6,33560.4,40018.2,146536.6,4630.3,None, None, None, None, None, None, None, None, None, None, None, None, None, None, None, None, None, None, None, None, None,
PCPosMS1MS2,-0.40ppm,H73 C40 N1 O8 P1 ,PC,32,4,PC 32:4,Keine,726.5065,0,0,0,732757.1,0,6017.2,31160.3,26436.8,420782.3,0,184.0734,6017.2,31160.3,26436.8,420782.3,0,None, None, None, None, None, None, None, None, None, None, None, None, None, None, None, None, None, None, None, None, None,
PCPosMS1MS2,-2.46ppm,H75 C40 N1 O8 P1 ,PC,32,3,PC 32:3,Keine,728.5207,0,0,2348.2,2881477.4,0,8867.9,40262.1,39590.8,1366376.2,0,184.0735,8867.9,40262.1,39590.8,1366376.2,0,None, None, None, None, None, None, None, None, None, None, None, None, None, None, None, None, None, None, None, None, None,
PCPosMS1MS2,-0.04ppm,H77 C40 N1 O8 P1 ,PC,32,2,PC 32:2,Keine,730.5381,0,49466.6,312464.8,10341451.8,0,15593.6,495098.7,376277.2,5480153.8,2976.9,184.0734,15593.6,495098.7,376277.2,5480153.8,2976.9,None, None, None, None, None, None, None, None, None, None, None, None, None, None, None, None, None, None, None, None, None,
PCPosMS1MS2,-0.01ppm,H79 C40 N1 O8 P1 ,PC,32,1,PC 32:1,Keine,732.5538,0,13653365.2,4732168,34325089.3,0,152325.6,10385136.8,3799846,19920872.1,3580.4,184.0735,152325.6,10385136.8,3799846,19920872.1,3580.4,None, None, None, None, None, None, None, None, None, None, None, None, None, None, None, None, None, None, None, None, None,
PCPosMS1MS2,0.45ppm,H81 C40 N1 O8 P1 ,PC,32,0,PC 32:0,Keine,734.5698,3475038.1,184414958.8,132808235.5,5643576,0,1817236.2,83754125.5,90216738.4,204.4,2655,184.0737,1817236.2,83754125.5,90216738.4,204.4,2655,None, None, None, None, None, None, None, None, None, None, None, None, None, None, None, None, None, None, None, None, None,
PCPosMS1MS2,-0.59ppm,H73 C42 N1 O8 P1 ,PC,34,6,PC 34:6,Keine,750.5064,0,0,0,125908.8,0,8878.9,21756.9,-1.7,286119.6,5239.1,184.0733,8878.9,21756.9,-1.7,286119.6,5239.1,None, None, None, None, None, None, None, None, None, None, None, None, None, None, None, None, None, None, None, None, None,
PCPosMS1MS2,-0.94ppm,H75 C42 N1 O8 P1 ,PC,34,5,PC 34:5,Keine,752.5218,10630.8,5531.1,25137.3,1505133.2,84029.2,7749.3,46165.2,52031.8,840599.9,2044.1,184.0732,7749.3,46165.2,52031.8,840599.9,2044.1,None, None, None, None, None, None, None, None, None, None, None, None, None, None, None, None, None, None, None, None, None,
PCPosMS1MS2,-0.97ppm,H77 C42 N1 O8 P1 ,PC,34,4,PC 34:4,Keine,754.5374,0,140990.8,301004.5,4818341.9,0,10150.1,58931.6,235667.9,3079642.9,0,184.0735,10150.1,58931.6,235667.9,3079642.9,0,None, None, None, None, None, None, None, None, None, None, None, None, None, None, None, None, None, None, None, None, None,
PCPosMS1MS2,-1.80ppm,H79 C42 N1 O8 P1 ,PC,34,3,PC 34:3,Keine,756.5524,141533.7,4056129.2,4958980.6,14058982.8,0,77487,389379.4,1969436.3,8366367.8,0,184.0735,77487,389379.4,1969436.3,8366367.8,0,None, None, None, None, None, None, None, None, None, None, None, None, None, None, None, None, None, None, None, None, None,
PCPosMS1MS2,0.00ppm,H81 C42 N1 O8 P1 ,PC,34,2,PC 34:2,Keine,758.5694,2516734.6,10601502.4,126844997,43504101.2,0,2017429.9,6388079.6,39002408.1,26261095.3,1070961.7,184.0734,2017429.9,6388079.6,39002408.1,26261095.3,1070961.7,None, None, None, None, None, None, None, None, None, None, None, None, None, None, None, None, None, None, None, None, None,
PCPosMS1MS2,0.57ppm,H83 C42 N1 O8 P1 ,PC,34,1,PC 34:1,Keine,760.5855,2206087.5,389421972.8,90125740.5,58563442.6,0,892624.5,186353129.1,66297289,32317850.6,-1.7,184.0735,892624.5,186353129.1,66297289,32317850.6,-1.7,None, None, None, None, None, None, None, None, None, None, None, None, None, None, None, None, None, None, None, None, None,
PCPosMS1MS2,-1.91ppm,H85 C42 N1 O8 P1 ,PC,34,0,PC 34:0,Keine,762.5993,13691.8,34961396,29031455.7,0,0,-1.7,-1.7,1080923.1,-1.7,-1.7,184.0734,-1.7,-1.7,1080923.1,-1.7,-1.7,None, None, None, None, None, None, None, None, None, None, None, None, None, None, None, None, None, None, None, None, None,
PCPosMS1MS2,-2.44ppm,H75 C44 N1 O8 P1 ,PC,36,7,PC 36:7,Keine,776.5206,0,0,0,117885,0,17234.7,-1.7,251459,548715.5,4101.5,184.0734,17234.7,-1.7,251459,548715.5,4101.5,None, None, None, None, None, None, None, None, None, None, None, None, None, None, None, None, None, None, None, None, None,
PCPosMS1MS2,-1.28ppm,H77 C44 N1 O8 P1 ,PC,36,6,PC 36:6,Keine,778.5371,0,84055.4,67358,2546263.2,0,18596,200393.7,174942.1,2091761.2,6993.7,184.0734,18596,200393.7,174942.1,2091761.2,6993.7,None, None, None, None, None, None, None, None, None, None, None, None, None, None, None, None, None, None, None, None, None,
PCPosMS1MS2,-2.77ppm,H79 C44 N1 O8 P1 ,PC,36,5,PC 36:5,Keine,780.5516,79499.2,836554.8,3862218.1,9730148.5,1239.3,53955.3,468476.1,1491860.4,5900947.8,0,184.0735,53955.3,468476.1,1491860.4,5900947.8,0,None, None, None, None, None, None, None, None, None, None, None, None, None, None, None, None, None, None, None, None, None,
PCPosMS1MS2,-0.44ppm,H81 C44 N1 O8 P1 ,PC,36,4,PC 36:4,Keine,782.5691,3754710.7,61410499.5,82406792.6,18920587,0,2036457.3,28649869.5,54044118.5,13174387.7,12701.7,184.0735,2036457.3,28649869.5,54044118.5,13174387.7,12701.7,None, None, None, None, None, None, None, None, None, None, None, None, None, None, None, None, None, None, None, None, None,
PCPosMS1MS2,-0.08ppm,H83 C44 N1 O8 P1 ,PC,36,3,PC 36:3,Keine,784.585,775212.5,3202640,23064629,40128785.8,0,58049.9,-1.7,5711557.9,26801671.2,688.9,184.0735,58049.9,-1.7,5711557.9,26801671.2,688.9,None, None, None, None, None, None, None, None, None, None, None, None, None, None, None, None, None, None, None, None, None,
PCPosMS1MS2,-0.03ppm,H85 C44 N1 O8 P1 ,PC,36,2,PC 36:2,Keine,786.6007,1481226.2,35630062.9,45651258.8,58398029.5,0,1027735.6,18650363.2,35024846.1,31346793.5,4173.5,184.0733,1027735.6,18650363.2,35024846.1,31346793.5,4173.5,None, None, None, None, None, None, None, None, None, None, None, None, None, None, None, None, None, None, None, None, None,
PCPosMS1MS2,-0.27ppm,H87 C44 N1 O8 P1 ,PC,36,1,PC 36:1,Keine,788.6162,280578.2,123022958.4,18325822.9,13312396.9,0,143214,55028659.3,4601645.7,4286339.4,3045,184.0735,143214,55028659.3,4601645.7,4286339.4,3045,None, None, None, None, None, None, None, None, None, None, None, None, None, None, None, None, None, None, None, None, None,
PCPosMS1MS2,0.41ppm,H89 C44 N1 O8 P1 ,PC,36,0,PC 36:0,Keine,790.6324,0,0,0,0,4601.6,92865.3,-1.7,769717.9,-1.7,17907,184.0734,92865.3,-1.7,769717.9,-1.7,17907,None, None, None, None, None, None, None, None, None, None, None, None, None, None, None, None, None, None, None, None, None,
PCPosMS1MS2,-3.76ppm,H73 C46 N1 O8 P1 ,PC,38,10,PC 38:10,Keine,798.5038,2710.7,23175.6,2855,0,0,73340.1,427068.6,951306.4,1554264.8,0,184.0734,73340.1,427068.6,951306.4,1554264.8,0,None, None, None, None, None, None, None, None, None, None, None, None, None, None, None, None, None, None, None, None, None,
PCPosMS1MS2,-1.95ppm,H75 C46 N1 O8 P1 ,PC,38,9,PC 38:9,Keine,800.5209,0,0,0,15056.8,0,54627.6,701796.2,774197.4,2580021.1,0,184.0734,54627.6,701796.2,774197.4,2580021.1,0,None, None, None, None, None, None, None, None, None, None, None, None, None, None, None, None, None, None, None, None, None,
PCPosMS1MS2,-1.28ppm,H77 C46 N1 O8 P1 ,PC,38,8,PC 38:8,Keine,802.5371,0,0,0,701104.4,0,61946.5,810388,590335.1,1613904.2,0,184.0734,61946.5,810388,590335.1,1613904.2,0,None, None, None, None, None, None, None, None, None, None, None, None, None, None, None, None, None, None, None, None, None,
PCPosMS1MS2,-1.97ppm,H79 C46 N1 O8 P1 ,PC,38,7,PC 38:7,Keine,804.5522,44246.1,1795106.9,1889348.3,2228751.3,0,15382.2,208084.5,357608.7,1065976.5,5556.2,184.0735,15382.2,208084.5,357608.7,1065976.5,5556.2,None, None, None, None, None, None, None, None, None, None, None, None, None, None, None, None, None, None, None, None, None,
PCPosMS1MS2,-5.13ppm,H81 C46 N1 O8 P1 ,PC,38,6,PC 38:6,Keine,806.5653,3804032.1,68956655.1,28361648.2,9373406.3,5154310.2,1562737.7,36854785.1,27237867.1,6579898.1,195416.2,184.0735,1562737.7,36854785.1,27237867.1,6579898.1,195416.2,None, None, None, None, None, None, None, None, None, None, None, None, None, None, None, None, None, None, None, None, None,
PCPosMS1MS2,0.16ppm,H83 C46 N1 O8 P1 ,PC,38,5,PC 38:5,Keine,808.5852,916092.3,16613770.4,17781053.8,15504355.3,0,29356.7,-1.8,2803726.6,9198196.2,-1.8,184.0734,29356.7,-1.8,2803726.6,9198196.2,-1.8,None, None, None, None, None, None, None, None, None, None, None, None, None, None, None, None, None, None, None, None, None,
PCPosMS1MS2,-0.01ppm,H85 C46 N1 O8 P1 ,PC,38,4,PC 38:4,Keine,810.6007,2144983.4,54382463.5,62204124.6,5700362.4,0,1435432.4,30080726.6,62202064.2,3521302.3,2071.5,184.0734,1435432.4,30080726.6,62202064.2,3521302.3,2071.5,None, None, None, None, None, None, None, None, None, None, None, None, None, None, None, None, None, None, None, None, None,
PCPosMS1MS2,1.02ppm,H87 C46 N1 O8 P1 ,PC,38,3,PC 38:3,Keine,812.6172,5465.7,0,0,4259539.6,0,-1.7,-1.7,-1.7,2796588.9,0,184.0734,-1.7,-1.7,-1.7,2796588.9,0,None, None, None, None, None, None, None, None, None, None, None, None, None, None, None, None, None, None, None, None, None,
PCPosMS1MS2,-2.15ppm,H89 C46 N1 O8 P1 ,PC,38,2,PC 38:2,Keine,814.6303,1363.6,7638779.4,1129040.9,1064500.4,1373.8,470301.2,6147397.1,8898279,2133510.2,0,184.0735,470301.2,6147397.1,8898279,2133510.2,0,None, None, None, None, None, None, None, None, None, None, None, None, None, None, None, None, None, None, None, None, None,
PCPosMS1MS2,-0.16ppm,H91 C46 N1 O8 P1 ,PC,38,1,PC 38:1,Keine,816.6475,0,8604799,751287.9,302310.8,0,55914.1,1256172.2,-1.8,-1.8,3807,184.0732,55914.1,1256172.2,-1.8,-1.8,3807,None, None, None, None, None, None, None, None, None, None, None, None, None, None, None, None, None, None, None, None, None,
PCPosMS1MS2,1.56ppm,H93 C46 N1 O8 P1 ,PC,38,0,PC 38:0,Keine,818.6646,0,0,14481.7,0,0,204097.4,170995.8,1041031.5,648366.4,523.2,184.0736,204097.4,170995.8,1041031.5,648366.4,523.2,None, None, None, None, None, None, None, None, None, None, None, None, None, None, None, None, None, None, None, None, None,
PCPosMS1MS2,-4.17ppm,H75 C48 N1 O8 P1 ,PC,40,11,PC 40:11,Keine,824.519,0,4336.4,0,0,0,146738.6,660142.8,630250.8,710155.5,198270,184.0734,146738.6,660142.8,630250.8,710155.5,198270,None, None, None, None, None, None, None, None, None, None, None, None, None, None, None, None, None, None, None, None, None,
PCPosMS1MS2,2.40ppm,H77 C48 N1 O8 P1 ,PC,40,10,PC 40:10,Keine,826.5401,0,0,0,17863.6,0,10011.6,-1.8,387715.2,-1.8,-1.8,184.0734,10011.6,-1.8,387715.2,-1.8,-1.8,None, None, None, None, None, None, None, None, None, None, None, None, None, None, None, None, None, None, None, None, None,
PCPosMS1MS2,0.41ppm,H81 C48 N1 O8 P1 ,PC,40,8,PC 40:8,Keine,830.5698,251198,1250763.4,2039385.2,1247721,144206.7,187319,1095658.7,1853584.9,777680.9,14869.6,184.0734,187319,1095658.7,1853584.9,777680.9,14869.6,None, None, None, None, None, None, None, None, None, None, None, None, None, None, None, None, None, None, None, None, None,
PCPosMS1MS2,-0.95ppm,H83 C48 N1 O8 P1 ,PC,40,7,PC 40:7,Keine,832.5843,89272.2,16029843.6,4356987.8,1988488.1,0,62496.8,7802591.2,1524659.9,1077263.5,175,184.0735,62496.8,7802591.2,1524659.9,1077263.5,175,None, None, None, None, None, None, None, None, None, None, None, None, None, None, None, None, None, None, None, None, None,
PCPosMS1MS2,-0.98ppm,H85 C48 N1 O8 P1 ,PC,40,6,PC 40:6,Keine,834.5999,451265,43142431.5,6729342.6,4492932.7,3260.6,297671.2,19917821.4,4609005.5,3144604.4,0,184.0734,297671.2,19917821.4,4609005.5,3144604.4,0,None, None, None, None, None, None, None, None, None, None, None, None, None, None, None, None, None, None, None, None, None,
PCPosMS1MS2,0.91ppm,H87 C48 N1 O8 P1 ,PC,40,5,PC 40:5,Keine,836.6171,16213.7,0,3021287.8,3035894.6,0,56436.6,-1.8,1733141.1,1850043.6,4885.7,184.0734,56436.6,-1.8,1733141.1,1850043.6,4885.7,None, None, None, None, None, None, None, None, None, None, None, None, None, None, None, None, None, None, None, None, None,
PCPosMS1MS2,-0.16ppm,H89 C48 N1 O8 P1 ,PC,40,4,PC 40:4,Keine,838.6319,0,5085220.6,1629792.4,84486.2,0,22644.4,841984.8,215453.8,-1.8,415.3,184.0734,22644.4,841984.8,215453.8,-1.8,415.3,None, None, None, None, None, None, None, None, None, None, None, None, None, None, None, None, None, None, None, None, None,
PCPosMS1MS2,0.46ppm,H91 C48 N1 O8 P1 ,PC,40,3,PC 40:3,Keine,840.6481,0,6219.7,138912,135015.4,0,55215.4,-1.8,590200,392170.5,3246.4,184.0733,55215.4,-1.8,590200,392170.5,3246.4,None, None, None, None, None, None, None, None, None, None, None, None, None, None, None, None, None, None, None, None, None,
PCPosMS1MS2,-0.01ppm,H93 C48 N1 O8 P1 ,PC,40,2,PC 40:2,Keine,842.6633,0,2458108.6,262948.5,31276.1,0,36255.8,1636321.9,379917.9,64209.1,0,184.0734,36255.8,1636321.9,379917.9,64209.1,0,None, None, None, None, None, None, None, None, None, None, None, None, None, None, None, None, None, None, None, None, None,
PCPosMS1MS2,-0.38ppm,H95 C48 N1 O8 P1 ,PC,40,1,PC 40:1,Keine,844.6787,0,1960856.3,233348.2,0,0,16484.8,430650.5,302037.9,176252,0,184.0734,16484.8,430650.5,302037.9,176252,0,None, None, None, None, None, None, None, None, None, None, None, None, None, None, None, None, None, None, None, None, None,
PCPosMS1MS2,-0.42ppm,H97 C48 N1 O8 P1 ,PC,40,0,PC 40:0,Keine,846.6943,0,0,270937.7,0,0,79327.8,389107.5,517775,131633.5,5609.9,184.0732,79327.8,389107.5,517775,131633.5,5609.9,None, None, None, None, None, None, None, None, None, None, None, None, None, None, None, None, None, None, None, None, None,
PCPosMS1MS2,-1.40ppm,H77 C50 N1 O8 P1 ,PC,42,12,PC 42:12,Keine,850.5369,0,0,0,4497.5,0,26130.7,311654.6,392263.5,196172.3,0,184.0733,26130.7,311654.6,392263.5,196172.3,0,None, None, None, None, None, None, None, None, None, None, None, None, None, None, None, None, None, None, None, None, None,
PCPosMS1MS2,6.06ppm,H79 C50 N1 O8 P1 ,PC,42,11,PC 42:11,Keine,852.5589,0,0,151030.9,41907.7,0,20808.8,-1.8,-1.8,2480,0,184.0735,20808.8,-1.8,-1.8,2480,0,None, None, None, None, None, None, None, None, None, None, None, None, None, None, None, None, None, None, None, None, None,
PCPosMS1MS2,-0.19ppm,H81 C50 N1 O8 P1 ,PC,42,10,PC 42:10,Keine,854.5693,0,1278243.5,326095.9,144117.6,0,77460.9,1092085.7,553491.7,364727,14702.4,184.0734,77460.9,1092085.7,553491.7,364727,14702.4,None, None, None, None, None, None, None, None, None, None, None, None, None, None, None, None, None, None, None, None, None,
PCPosMS1MS2,0.76ppm,H83 C50 N1 O8 P1 ,PC,42,9,PC 42:9,Keine,856.5857,1497.9,584935.4,12961.9,317173.2,1399.6,57231.8,268245.3,225865.6,280579.1,-1.8,184.0735,57231.8,268245.3,225865.6,280579.1,-1.8,None, None, None, None, None, None, None, None, None, None, None, None, None, None, None, None, None, None, None, None, None,
PCPosMS1MS2,0.44ppm,H85 C50 N1 O8 P1 ,PC,42,8,PC 42:8,Keine,858.6011,0,156793.6,13593.4,308142.9,0,56115.1,734674.5,396925.8,267277.4,6753.5,184.0733,56115.1,734674.5,396925.8,267277.4,6753.5,None, None, None, None, None, None, None, None, None, None, None, None, None, None, None, None, None, None, None, None, None,
PCPosMS1MS2,-0.49ppm,H87 C50 N1 O8 P1 ,PC,42,7,PC 42:7,Keine,860.616,0,2095631.2,65764.6,308518.3,0,5953.6,730625,108666.3,189446.2,1510.6,184.0735,5953.6,730625,108666.3,189446.2,1510.6,None, None, None, None, None, None, None, None, None, None, None, None, None, None, None, None, None, None, None, None, None,
PCPosMS1MS2,-2.17ppm,H89 C50 N1 O8 P1 ,PC,42,6,PC 42:6,Keine,862.6302,0,-1.8,59641.8,335665.3,0,41773.5,215663.1,310449.8,266912.6,4928.6,184.0735,41773.5,215663.1,310449.8,266912.6,4928.6,None, None, None, None, None, None, None, None, None, None, None, None, None, None, None, None, None, None, None, None, None,
PCPosMS1MS2,-0.16ppm,H91 C50 N1 O8 P1 ,PC,42,5,PC 42:5,Keine,864.6475,0,207447.3,244690.6,104119.3,0,26369.1,358120.9,366785.7,147706.2,0,184.0734,26369.1,358120.9,366785.7,147706.2,0,None, None, None, None, None, None, None, None, None, None, None, None, None, None, None, None, None, None, None, None, None,
PCPosMS1MS2,-3.15ppm,H93 C50 N1 O8 P1 ,PC,42,4,PC 42:4,Keine,866.6606,0,102106.8,192019.4,-1.8,0,28929.4,352763.7,313939.3,63355.9,0,184.0734,28929.4,352763.7,313939.3,63355.9,0,None, None, None, None, None, None, None, None, None, None, None, None, None, None, None, None, None, None, None, None, None,
PCPosMS1MS2,-0.07ppm,H95 C50 N1 O8 P1 ,PC,42,3,PC 42:3,Keine,868.6789,0,0,-1.8,3343.6,0,3576.1,-1.8,-1.8,48302.1,5284.1,184.0733,3576.1,-1.8,-1.8,48302.1,5284.1,None, None, None, None, None, None, None, None, None, None, None, None, None, None, None, None, None, None, None, None, None,
PCPosMS1MS2,-0.16ppm,H97 C50 N1 O8 P1 ,PC,42,2,PC 42:2,Keine,870.6945,0,1448821.8,183767.9,3423.5,0,58049.9,936029.1,442572.2,85614.9,2707.7,184.0733,58049.9,936029.1,442572.2,85614.9,2707.7,None, None, None, None, None, None, None, None, None, None, None, None, None, None, None, None, None, None, None, None, None,
PCPosMS1MS2,0.10ppm,H99 C50 N1 O8 P1 ,PC,42,1,PC 42:1,Keine,872.7104,0,1267627.2,154003.8,0,0,-1.8,346234.9,168461.6,37578.1,22483.5,184.0735,-1.8,346234.9,168461.6,37578.1,22483.5,None, None, None, None, None, None, None, None, None, None, None, None, None, None, None, None, None, None, None, None, None,
PCPosMS1MS2,-0.64ppm,H101 C50 N1 O8 P1 ,PC,42,0,PC 42:0,Keine,874.7254,0,0,218343.7,0,0,50369.4,-1.9,356265.4,31943.2,-1.9,184.0734,50369.4,-1.9,356265.4,31943.2,-1.9,None, None, None, None, None, None, None, None, None, None, None, None, None, None, None, None, None, None, None, None, None,
PCPosMS1MS2,2.38ppm,H81 C52 N1 O8 P1 ,PC,44,12,PC 44:12,Keine,878.5715,0,2513717,45548.2,369273.2,1502,30374.3,1361368.4,191274.2,67883.4,6344.9,184.0734,30374.3,1361368.4,191274.2,67883.4,6344.9,None, None, None, None, None, None, None, None, None, None, None, None, None, None, None, None, None, None, None, None, None,
PCPosMS1MS2,3.06ppm,H85 C52 N1 O8 P1 ,PC,44,10,PC 44:10,Keine,882.6034,0,143091.8,0,606685.2,0,26295,402298.6,101109,131545.7,0,184.0734,26295,402298.6,101109,131545.7,0,None, None, None, None, None, None, None, None, None, None, None, None, None, None, None, None, None, None, None, None, None,
PCPosMS1MS2,-0.57ppm,H87 C52 N1 O8 P1 ,PC,44,9,PC 44:9,Keine,884.6159,70256.1,8322.5,22073.2,165513.8,258972.5,11665.4,-1.9,75747.3,43968.7,0,184.0735,11665.4,-1.9,75747.3,43968.7,0,None, None, None, None, None, None, None, None, None, None, None, None, None, None, None, None, None, None, None, None, None,
PCPosMS1MS2,-2.22ppm,H91 C52 N1 O8 P1 ,PC,44,7,PC 44:7,Keine,888.6457,0,0,0,13171.9,0,25715.9,149163.5,120948.6,105960.2,0,184.0735,25715.9,149163.5,120948.6,105960.2,0,None, None, None, None, None, None, None, None, None, None, None, None, None, None, None, None, None, None, None, None, None,
PCPosMS1MS2,-2.60ppm,H93 C52 N1 O8 P1 ,PC,44,6,PC 44:6,Keine,890.661,0,0,0,8628.2,4737.7,98096.5,180434.8,140415.6,100544.7,139150.5,184.0734,98096.5,180434.8,140415.6,100544.7,139150.5,None, None, None, None, None, None, None, None, None, None, None, None, None, None, None, None, None, None, None, None, None,
PCPosMS1MS2,-1.21ppm,H95 C52 N1 O8 P1 ,PC,44,5,PC 44:5,Keine,892.6779,0,6452.7,52566.5,1033.7,0,46254.6,231014.5,206118.3,82630.4,54484.7,184.0734,46254.6,231014.5,206118.3,82630.4,54484.7,None, None, None, None, None, None, None, None, None, None, None, None, None, None, None, None, None, None, None, None, None,
PCPosMS1MS2,-1.00ppm,H97 C52 N1 O8 P1 ,PC,44,4,PC 44:4,Keine,894.6937,0,3155.6,249467.3,0,0,10711.6,47049.7,162667.7,18613.4,6144.7,184.0735,10711.6,47049.7,162667.7,18613.4,6144.7,None, None, None, None, None, None, None, None, None, None, None, None, None, None, None, None, None, None, None, None, None,
PCPosMS1MS2,0.07ppm,H101 C52 N1 O8 P1 ,PC,44,2,PC 44:2,Keine,898.726,0,22008.8,6381.2,0,0,7536.7,146239.5,113601.2,38915.9,-1.9,184.0733,7536.7,146239.5,113601.2,38915.9,-1.9,None, None, None, None, None, None, None, None, None, None, None, None, None, None, None, None, None, None, None, None, None,
PCPosMS1MS2,-4.16ppm,H85 C54 N1 O8 P1 ,PC,46,12,PC 46:12,Keine,906.597,3361.3,960103.7,648193.2,0,0,8014.7,68349.3,45272.4,22348.7,6732.3,184.0733,8014.7,68349.3,45272.4,22348.7,6732.3,None, None, None, None, None, None, None, None, None, None, None, None, None, None, None, None, None, None, None, None, None,
PCPosMS1MS2,-2.83ppm,H87 C54 N1 O8 P1 ,PC,46,11,PC 46:11,Keine,908.6138,0,0,-1.9,15760.6,0,-1.9,8777.5,26244.9,17768.9,0,184.0734,-1.9,8777.5,26244.9,17768.9,0,None, None, None, None, None, None, None, None, None, None, None, None, None, None, None, None, None, None, None, None, None,
PCPosMS1MS2,-3.24ppm,H97 C54 N1 O8 P1 ,PC,46,6,PC 46:6,Keine,918.6917,12888.2,0,0,0,168787.2,7269.7,73253.9,91491.1,41565.2,5212.4,184.0734,7269.7,73253.9,91491.1,41565.2,5212.4,None, None, None, None, None, None, None, None, None, None, None, None, None, None, None, None, None, None, None, None, None,
PCPosMS1MS2,-0.94ppm,H99 C54 N1 O8 P1 ,PC,46,5,PC 46:5,Keine,920.7094,0,0,2360.9,0,0,11846.2,63987.4,70107.9,29603.5,10636.2,184.0734,11846.2,63987.4,70107.9,29603.5,10636.2,None, None, None, None, None, None, None, None, None, None, None, None, None, None, None, None, None, None, None, None, None,
PCPosMS1MS2,5.93ppm,H101 C54 N1 O8 P1 ,PC,46,4,PC 46:4,Keine,922.7314,5521.3,5112.6,2348,0,0,312.9,7337.1,57719.4,13644.5,-1.9,184.0738,312.9,7337.1,57719.4,13644.5,-1.9,None, None, None, None, None, None, None, None, None, None, None, None, None, None, None, None, None, None, None, None, None,
PCPosMS1MS2,-0.36ppm,H105 C54 N1 O8 P1 ,PC,46,2,PC 46:2,Keine,926.7569,0,0,0,2510,0,3331.2,44186.7,43821.8,25452.9,0,184.0733,3331.2,44186.7,43821.8,25452.9,0,None, None, None, None, None, None, None, None, None, None, None, None, None, None, None, None, None, None, None, None, None,
PCPosMS1MS2,-1.33ppm,H91 C56 N1 O8 P1 ,PC,48,11,PC 48:11,Keine,936.6464,19198.8,0,0,28409.3,334264.7,306.9,31502.6,35287.9,35235,-1.9,184.0735,306.9,31502.6,35287.9,35235,-1.9,None, None, None, None, None, None, None, None, None, None, None, None, None, None, None, None, None, None, None, None, None,
PCPosMS1MS2,1.17ppm,H93 C56 N1 O8 P1 ,PC,48,10,PC 48:10,Keine,938.6644,0,5515.5,0,0,-1.9,7276.3,37236.3,34479.8,16691.1,4736.2,184.0734,7276.3,37236.3,34479.8,16691.1,4736.2,None, None, None, None, None, None, None, None, None, None, None, None, None, None, None, None, None, None, None, None, None,
PCPosMS1MS2,3.18ppm,H101 C56 N1 O8 P1 ,PC,48,6,PC 48:6,Keine,946.7289,0,0,3045.1,0,0,6018.2,61011.6,49580.1,46692.7,5963.8,184.0734,6018.2,61011.6,49580.1,46692.7,5963.8,None, None, None, None, None, None, None, None, None, None, None, None, None, None, None, None, None, None, None, None, None,
PCPosMS1MS2,1.41ppm,H107 C56 N1 O8 P1 ,PC,48,3,PC 48:3,Keine,952.7742,325219,95415.2,206311.6,348291.3,479349.5,13860.3,14848.4,18399,13563.3,14246.2,184.0736,13860.3,14848.4,18399,13563.3,14246.2,None, None, None, None, None, None, None, None, None, None, None, None, None, None, None, None, None, None, None, None, None,
PCPosMS1MS2,-2.98ppm,H97 C58 N1 O8 P1 ,PC,50,10,PC 50:10,Keine,966.6918,3021.5,6633.8,0,0,4255,9282.5,22154.8,11547.8,17340.5,11002.7,184.0733,9282.5,22154.8,11547.8,17340.5,11002.7,None, None, None, None, None, None, None, None, None, None, None, None, None, None, None, None, None, None, None, None, None,
PCPosMS1MS2,-0.95ppm,H101 C58 N1 O8 P1 ,PC,50,8,PC 50:8,Keine,970.725,2740.3,6109.2,0,13862.9,31649.6,6229,42046.5,56432.8,43885.7,0,184.0733,6229,42046.5,56432.8,43885.7,0,None, None, None, None, None, None, None, None, None, None, None, None, None, None, None, None, None, None, None, None, None,
PCPosMS1MS2,2.32ppm,H107 C58 N1 O8 P1 ,PC,50,5,PC 50:5,Keine,976.7751,0,0,0,2669.7,0,17839,83468.5,68493.7,51792.7,10052.3,184.0735,17839,83468.5,68493.7,51792.7,10052.3,None, None, None, None, None, None, None, None, None, None, None, None, None, None, None, None, None, None, None, None, None,
PCPosMS1MS2,4.09ppm,H113 C58 N1 O8 P1 ,PC,50,2,PC 50:2,Keine,982.8239,3405.6,0,0,0,0,0,44602.7,57996.9,44561.6,0,184.0732,0,44602.7,57996.9,44561.6,0,None, None, None, None, None, None, None, None, None, None, None, None, None, None, None, None, None, None, None, None, None,
,,,,,,,,,,,,,,,,,,,,,,,,,,,,,,,,,,,,,,,,,,,,,,
,,,,,,,,,,,,,,,,,,,,,,,,,,,,,,,,,,,,,,,,,,,,,,
###,SMPos2OHMS1MS2,,,,,,,,,,,,,,,,,,,,,,,,,,,,,,,,,,,,,,,,,,,,,
SMPos2OHMS1MS2,-2.51ppm,H68 C37 N2 O6 P1 ,SM,32,5,SM 32:5;2,None,667.4793,16065.6,4823.5,3151.3,5533.7,10368.2,10555.6,43686.4,51889.9,18925.8,3061.1,184.0736,10555.6,43686.4,51889.9,18925.8,3061.1,2,None, None, None, None, None, None, None, None, None, None, None, None, None, None, None, None, None, None, None, None,
SMPos2OHMS1MS2,-4.16ppm,H70 C37 N2 O6 P1 ,SM,32,4,SM 32:4;2,None,669.4938,549250.3,133975.4,11249,231877.9,680827.7,2500.5,11452.6,14941.2,6196.3,2833.4,184.0732,2500.5,11452.6,14941.2,6196.3,2833.4,2,None, None, None, None, None, None, None, None, None, None, None, None, None, None, None, None, None, None, None, None,
SMPos2OHMS1MS2,0.35ppm,H72 C37 N2 O6 P1 ,SM,32,3,SM 32:3;2,None,671.5125,4142.5,0,0,41133.3,2125.3,4361.8,13003.9,12922.9,11030.6,0,184.0733,4361.8,13003.9,12922.9,11030.6,0,2,None, None, None, None, None, None, None, None, None, None, None, None, None, None, None, None, None, None, None, None,
SMPos2OHMS1MS2,1.96ppm,H74 C37 N2 O6 P1 ,SM,32,2,SM 32:2;2,None,673.5292,15451.1,0,0,279243.6,730.3,6649.5,22847.8,34868.2,44032.9,2910.2,184.0734,6649.5,22847.8,34868.2,44032.9,2910.2,2,None, None, None, None, None, None, None, None, None, None, None, None, None, None, None, None, None, None, None, None,
SMPos2OHMS1MS2,-0.09ppm,H76 C37 N2 O6 P1 ,SM,32,1,SM 32:1;2,None,675.5435,0,0,56271.6,2421389,0,10515.2,53424.3,205294.4,2566126.8,8139,184.0735,10515.2,53424.3,205294.4,2566126.8,8139,2,None, None, None, None, None, None, None, None, None, None, None, None, None, None, None, None, None, None, None, None,
SMPos2OHMS1MS2,-3.08ppm,H78 C37 N2 O6 P1 ,SM,32,0,SM 32:0;2,None,677.5571,913.8,0,0,220700.6,0,7505.8,39193,68350.3,934248.1,0,184.0735,7505.8,39193,68350.3,934248.1,0,2,None, None, None, None, None, None, None, None, None, None, None, None, None, None, None, None, None, None, None, None,
SMPos2OHMS1MS2,0.58ppm,H74 C39 N2 O6 P1 ,SM,34,4,SM 34:4;2,None,697.5283,0,4762.3,0,81906.4,0,6600.5,28565.5,29246.1,23298.5,8169,184.0733,6600.5,28565.5,29246.1,23298.5,8169,2,None, None, None, None, None, None, None, None, None, None, None, None, None, None, None, None, None, None, None, None,
SMPos2OHMS1MS2,1.08ppm,H76 C39 N2 O6 P1 ,SM,34,3,SM 34:3;2,None,699.5443,6568.3,0,0,18561.3,0,22590.9,45265.3,38899,66340,30161.7,184.0734,22590.9,45265.3,38899,66340,30161.7,2,None, None, None, None, None, None, None, None, None, None, None, None, None, None, None, None, None, None, None, None,
SMPos2OHMS1MS2,-0.71ppm,H78 C39 N2 O6 P1 ,SM,34,2,SM 34:2;2,None,701.5587,413222.7,0,847389.2,66834.1,0,300848.2,63283,939545.9,331069.5,6274.5,184.0734,300848.2,63283,939545.9,331069.5,6274.5,2,None, None, None, None, None, None, None, None, None, None, None, None, None, None, None, None, None, None, None, None,
SMPos2OHMS1MS2,-0.46ppm,H80 C39 N2 O6 P1 ,SM,34,1,SM 34:1;2,None,703.5745,2157040.3,806633.1,10213091.2,17741924.9,0,1513445.5,633535.7,7500851.8,17242908.1,0,184.0735,1513445.5,633535.7,7500851.8,17242908.1,0,2,None, None, None, None, None, None, None, None, None, None, None, None, None, None, None, None, None, None, None, None,
SMPos2OHMS1MS2,2.56ppm,H82 C39 N2 O6 P1 ,SM,34,0,SM 34:0;2,None,705.5923,0,0,47123.2,2772780.4,0,81345.3,105564.1,698719.5,6003258.2,3473.1,184.0737,81345.3,105564.1,698719.5,6003258.2,3473.1,2,None, None, None, None, None, None, None, None, None, None, None, None, None, None, None, None, None, None, None, None,
SMPos2OHMS1MS2,-3.82ppm,H78 C41 N2 O6 P1 ,SM,36,4,SM 36:4;2,None,725.5564,23920.1,0,284515.6,645791.1,0,5084.6,31264.7,34821.3,87321.3,0,184.0733,5084.6,31264.7,34821.3,87321.3,0,2,None, None, None, None, None, None, None, None, None, None, None, None, None, None, None, None, None, None, None, None,
SMPos2OHMS1MS2,-2.34ppm,H80 C41 N2 O6 P1 ,SM,36,3,SM 36:3;2,None,727.5731,0,0,0,-1.6,0,7422.1,24505.9,36895.6,250664.3,3308.8,184.0736,7422.1,24505.9,36895.6,250664.3,3308.8,2,None, None, None, None, None, None, None, None, None, None, None, None, None, None, None, None, None, None, None, None,
SMPos2OHMS1MS2,-0.22ppm,H82 C41 N2 O6 P1 ,SM,36,2,SM 36:2;2,None,729.5903,4729.7,1427187,328977.7,103523.6,0,13534.9,615534,234022.1,850951.4,0,184.0734,13534.9,615534,234022.1,850951.4,0,2,None, None, None, None, None, None, None, None, None, None, None, None, None, None, None, None, None, None, None, None,
SMPos2OHMS1MS2,-0.21ppm,H84 C41 N2 O6 P1 ,SM,36,1,SM 36:1;2,None,731.606,10552.9,22071506.3,2059418.4,1904501.4,0,52431.4,10163583.5,1819252.7,4262070.1,0,184.0735,52431.4,10163583.5,1819252.7,4262070.1,0,2,None, None, None, None, None, None, None, None, None, None, None, None, None, None, None, None, None, None, None, None,
SMPos2OHMS1MS2,-0.47ppm,H86 C41 N2 O6 P1 ,SM,36,0,SM 36:0;2,None,733.6215,0,0,16411.2,250129.3,0,105880.3,4979904.4,3682209.4,8194820.3,0,184.0735,105880.3,4979904.4,3682209.4,8194820.3,0,2,None, None, None, None, None, None, None, None, None, None, None, None, None, None, None, None, None, None, None, None,
SMPos2OHMS1MS2,-2.55ppm,H82 C43 N2 O6 P1 ,SM,38,4,SM 38:4;2,None,753.5886,0,615626.8,13727.1,8460.9,0,4766,47798.7,80017,589208.8,2991,184.0732,4766,47798.7,80017,589208.8,2991,2,None, None, None, None, None, None, None, None, None, None, None, None, None, None, None, None, None, None, None, None,
SMPos2OHMS1MS2,-1.20ppm,H84 C43 N2 O6 P1 ,SM,38,3,SM 38:3;2,None,755.6052,0,0,0,3331.4,0,8955.6,119703.2,432280.2,1753064.1,2964.6,184.0734,8955.6,119703.2,432280.2,1753064.1,2964.6,2,None, None, None, None, None, None, None, None, None, None, None, None, None, None, None, None, None, None, None, None,
SMPos2OHMS1MS2,-1.68ppm,H86 C43 N2 O6 P1 ,SM,38,2,SM 38:2;2,None,757.6205,1848.2,16009.6,244935,30723.6,0,120167.9,529609.9,4295497.9,4999849.5,21846,184.0734,120167.9,529609.9,4295497.9,4999849.5,21846,2,None, None, None, None, None, None, None, None, None, None, None, None, None, None, None, None, None, None, None, None,
SMPos2OHMS1MS2,-2.41ppm,H90 C43 N2 O6 P1 ,SM,38,0,SM 38:0;2,None,761.6513,-1.7,0,0,-1.7,-1.7,556910.1,78699684.2,33930140.6,15492502.8,17607.3,184.0735,556910.1,78699684.2,33930140.6,15492502.8,17607.3,2,None, None, None, None, None, None, None, None, None, None, None, None, None, None, None, None, None, None, None, None,
SMPos2OHMS1MS2,-5.50ppm,H82 C45 N2 O6 P1 ,SM,40,6,SM 40:6;2,None,777.5862,0,0,5957.8,0,0,37449.2,467997.6,371080.8,613756.2,25894.6,184.0734,37449.2,467997.6,371080.8,613756.2,25894.6,2,None, None, None, None, None, None, None, None, None, None, None, None, None, None, None, None, None, None, None, None,
SMPos2OHMS1MS2,4.54ppm,H86 C45 N2 O6 P1 ,SM,40,4,SM 40:4;2,None,781.6253,8363.1,0,0,36833.3,81383.5,97530.8,1215046.3,2352766.6,3444464.4,3913.3,184.0733,97530.8,1215046.3,2352766.6,3444464.4,3913.3,2,None, None, None, None, None, None, None, None, None, None, None, None, None, None, None, None, None, None, None, None,
SMPos2OHMS1MS2,-0.21ppm,H88 C45 N2 O6 P1 ,SM,40,3,SM 40:3;2,None,783.6373,0,0,81467.9,160672.3,0,916555.1,12986538.8,25311398.6,7383540,3809.3,184.0736,916555.1,12986538.8,25311398.6,7383540,3809.3,2,None, None, None, None, None, None, None, None, None, None, None, None, None, None, None, None, None, None, None, None,
SMPos2OHMS1MS2,-0.97ppm,H90 C45 N2 O6 P1 ,SM,40,2,SM 40:2;2,None,785.6523,122821.4,708531.9,3766657.4,886120.7,0,361212,1717445.6,11299653.9,12962236.1,3442,184.0734,361212,1717445.6,11299653.9,12962236.1,3442,2,None, None, None, None, None, None, None, None, None, None, None, None, None, None, None, None, None, None, None, None,
SMPos2OHMS1MS2,-0.43ppm,H92 C45 N2 O6 P1 ,SM,40,1,SM 40:1;2,None,787.6684,575230.4,1370579,5556697,1568455.9,0,747310.9,10525343.2,20615543.1,20951614.7,2720.6,184.0737,747310.9,10525343.2,20615543.1,20951614.7,2720.6,2,None, None, None, None, None, None, None, None, None, None, None, None, None, None, None, None, None, None, None, None,
SMPos2OHMS1MS2,0.13ppm,H86 C47 N2 O6 P1 ,SM,42,6,SM 42:6;2,None,805.6219,0,0,27505,0,0,131121,2279130.1,1392401.4,1083591.7,5526.9,184.0735,131121,2279130.1,1392401.4,1083591.7,5526.9,2,None, None, None, None, None, None, None, None, None, None, None, None, None, None, None, None, None, None, None, None,
SMPos2OHMS1MS2,-5.80ppm,H88 C47 N2 O6 P1 ,SM,42,5,SM 42:5;2,None,807.6328,-1.8,0,207110.4,126282.5,-1.8,674336.1,16418931.8,11916699.3,3350434.2,78014.5,184.0735,674336.1,16418931.8,11916699.3,3350434.2,78014.5,2,None, None, None, None, None, None, None, None, None, None, None, None, None, None, None, None, None, None, None, None,
SMPos2OHMS1MS2,-0.72ppm,H90 C47 N2 O6 P1 ,SM,42,4,SM 42:4;2,None,809.6525,0,0,1184170,977162.5,0,285616.6,4254556.2,6458946.9,6327452.4,-1.8,184.0734,285616.6,4254556.2,6458946.9,6327452.4,-1.8,2,None, None, None, None, None, None, None, None, None, None, None, None, None, None, None, None, None, None, None, None,
SMPos2OHMS1MS2,-0.96ppm,H92 C47 N2 O6 P1 ,SM,42,3,SM 42:3;2,None,811.668,187518.1,51026.5,9685992.1,1480483.8,0,798833.8,12670622.3,36981925.7,4101011.8,5032,184.0733,798833.8,12670622.3,36981925.7,4101011.8,5032,2,None, None, None, None, None, None, None, None, None, None, None, None, None, None, None, None, None, None, None, None,
SMPos2OHMS1MS2,-0.54ppm,H94 C47 N2 O6 P1 ,SM,42,2,SM 42:2;2,None,813.684,1020012.7,7467979.4,18843333.5,5138579.9,0,713183.7,4631011.7,21584686.2,7202240.7,0,184.0735,713183.7,4631011.7,21584686.2,7202240.7,0,2,None, None, None, None, None, None, None, None, None, None, None, None, None, None, None, None, None, None, None, None,
SMPos2OHMS1MS2,0.18ppm,H96 C47 N2 O6 P1 ,SM,42,1,SM 42:1;2,None,815.7002,785317.4,1090152.1,7738058.3,1364475.6,0,536213.7,2913273.5,6796698.2,1889023.2,0,184.0735,536213.7,2913273.5,6796698.2,1889023.2,0,2,None, None, None, None, None, None, None, None, None, None, None, None, None, None, None, None, None, None, None, None,
SMPos2OHMS1MS2,-1.39ppm,H90 C49 N2 O6 P1 ,SM,44,6,SM 44:6;2,None,833.6519,0,0,126082.9,4796.9,0,101080.4,5471220.5,1431990.7,810970.1,0,184.0734,101080.4,5471220.5,1431990.7,810970.1,0,2,None, None, None, None, None, None, None, None, None, None, None, None, None, None, None, None, None, None, None, None,
SMPos2OHMS1MS2,-2.71ppm,H92 C49 N2 O6 P1 ,SM,44,5,SM 44:5;2,None,835.6665,0,16626.6,567136.2,216201.3,0,134344.4,10940114.3,2410345.4,1718545.2,0,184.0735,134344.4,10940114.3,2410345.4,1718545.2,0,2,None, None, None, None, None, None, None, None, None, None, None, None, None, None, None, None, None, None, None, None,
SMPos2OHMS1MS2,-2.40ppm,H94 C49 N2 O6 P1 ,SM,44,4,SM 44:4;2,None,837.6824,2862.2,2672.3,66621.9,4926.7,0,37805.4,212829.4,1050848.3,938959.4,3453.4,184.0734,37805.4,212829.4,1050848.3,938959.4,3453.4,2,None, None, None, None, None, None, None, None, None, None, None, None, None, None, None, None, None, None, None, None,
SMPos2OHMS1MS2,-0.26ppm,H96 C49 N2 O6 P1 ,SM,44,3,SM 44:3;2,None,839.6998,0,0,189840,37010.9,0,55735.7,1513835.1,1074289.5,329097.9,3448.8,184.0734,55735.7,1513835.1,1074289.5,329097.9,3448.8,2,None, None, None, None, None, None, None, None, None, None, None, None, None, None, None, None, None, None, None, None,
SMPos2OHMS1MS2,-0.88ppm,H98 C49 N2 O6 P1 ,SM,44,2,SM 44:2;2,None,841.715,0,0,223215.8,236839.6,0,40065.1,154735.6,501249.3,403944.2,0,184.0734,40065.1,154735.6,501249.3,403944.2,0,2,None, None, None, None, None, None, None, None, None, None, None, None, None, None, None, None, None, None, None, None,
SMPos2OHMS1MS2,-3.73ppm,H100 C49 N2 O6 P1 ,SM,44,1,SM 44:1;2,None,843.7282,-1.8,0,-1.8,-1.8,0,41063.6,810914.1,536192.8,207102.1,0,184.0734,41063.6,810914.1,536192.8,207102.1,0,2,None, None, None, None, None, None, None, None, None, None, None, None, None, None, None, None, None, None, None, None,
SMPos2OHMS1MS2,5.73ppm,H100 C51 N2 O6 P1 ,SM,46,3,SM 46:3;2,None,867.7363,0,0,0,0,3235.2,24623.4,262189.9,239396.3,68658.9,0,184.0735,24623.4,262189.9,239396.3,68658.9,0,2,None, None, None, None, None, None, None, None, None, None, None, None, None, None, None, None, None, None, None, None,
SMPos2OHMS1MS2,1.00ppm,H102 C51 N2 O6 P1 ,SM,46,2,SM 46:2;2,None,869.7479,-1.8,39318.8,2611.4,-1.8,119584.2,12712.5,108724,125366.4,57617.7,0,184.0734,12712.5,108724,125366.4,57617.7,0,2,None, None, None, None, None, None, None, None, None, None, None, None, None, None, None, None, None, None, None, None,
SMPos2OHMS1MS2,-5.81ppm,H104 C51 N2 O6 P1 ,SM,46,1,SM 46:1;2,None,871.7576,-1.8,0,0,-1.8,0,25787.8,465934.8,244533.7,48010.9,0,184.0735,25787.8,465934.8,244533.7,48010.9,0,2,None, None, None, None, None, None, None, None, None, None, None, None, None, None, None, None, None, None, None, None,
SMPos2OHMS1MS2,2.58ppm,H98 C53 N2 O6 P1 ,SM,48,6,SM 48:6;2,None,889.718,0,0,0,2503.1,40632.2,18597.2,111829,83884.4,71672.1,5540.9,184.0735,18597.2,111829,83884.4,71672.1,5540.9,2,None, None, None, None, None, None, None, None, None, None, None, None, None, None, None, None, None, None, None, None,
SMPos2OHMS1MS2,-3.60ppm,H102 C53 N2 O6 P1 ,SM,48,4,SM 48:4;2,None,893.7438,0,0,0,-1.9,0,39619.6,154000.3,122892.5,57039.7,36743.9,184.0733,39619.6,154000.3,122892.5,57039.7,36743.9,2,None, None, None, None, None, None, None, None, None, None, None, None, None, None, None, None, None, None, None, None,
SMPos2OHMS1MS2,-4.95ppm,H104 C53 N2 O6 P1 ,SM,48,3,SM 48:3;2,None,895.7582,-1.9,0,0,-1.9,0,7085.6,66891.7,101504.6,26150,3085.8,184.0734,7085.6,66891.7,101504.6,26150,3085.8,2,None, None, None, None, None, None, None, None, None, None, None, None, None, None, None, None, None, None, None, None,
SMPos2OHMS1MS2,-5.56ppm,H108 C53 N2 O6 P1 ,SM,48,1,SM 48:1;2,None,899.7889,-1.9,0,-1.9,104318,0,12001,110143.9,76084.2,45938.3,4364.8,184.0737,12001,110143.9,76084.2,45938.3,4364.8,2,None, None, None, None, None, None, None, None, None, None, None, None, None, None, None, None, None, None, None, None,
