QNAME,CHEMSC,ERROR,CLASS,LENGTH,DB,NAME,SPECIE,MASS,PREC:mE504_NEG_01.raw,PREC:mE504_NEG_02.raw,PREC:mE504_NEG_03.raw,PREC:mE504_NEG_04.raw,PREC:mE504_NEG_05.raw,SUMFA:mE504_NEG_01.raw,SUMFA:mE504_NEG_02.raw,SUMFA:mE504_NEG_03.raw,SUMFA:mE504_NEG_04.raw,SUMFA:mE504_NEG_05.raw,FA1,MASSFA1,FA1INTENS:mE504_NEG_01.raw,FA1INTENS:mE504_NEG_02.raw,FA1INTENS:mE504_NEG_03.raw,FA1INTENS:mE504_NEG_04.raw,FA1INTENS:mE504_NEG_05.raw,MASSFRAG1,FRAG1:mE504_NEG_01.raw,FRAG1:mE504_NEG_02.raw,FRAG1:mE504_NEG_03.raw,FRAG1:mE504_NEG_04.raw,FRAG1:mE504_NEG_05.raw,MASSFRAG2,FRAG2:mE504_NEG_01.raw,FRAG2:mE504_NEG_02.raw,FRAG2:mE504_NEG_03.raw,FRAG2:mE504_NEG_04.raw,FRAG2:mE504_NEG_05.raw,MASSNLS,NLS:mE504_NEG_01.raw,NLS:mE504_NEG_02.raw,NLS:mE504_NEG_03.raw,NLS:mE504_NEG_04.raw,NLS:mE504_NEG_05.raw,NEG
NEG,,,,,,,,,,,,,,,,,,,,,,,,,,,,,,,,,,,,,,,,,,,,
###,ISLPANegMS2,,,,,,,,,,,,,,,,,,,,,,,,,,,,,,,,,,,,,,,,,,,
ISLPANegMS2,H40 C20 O7 P1 ,1.7,LPA,17,0,isLPA 17:0,isLPA 17:0,423.2525,1024742.3,3694318.8,4110496.1,3922300.2,2184145,64792.9,104475,83118.2,68170.8,33331,17:00,269.2486,64792.9,104475,83118.2,68170.8,33331,152.9949,3024483.4,4574583.8,3661032.1,2910231.9,1519745.1,None, None, None, None, None, None, None, None, None, None, None, None,
,,,,,,,,,,,,,,,,,,,,,,,,,,,,,,,,,,,,,,,,,,,,
,,,,,,,,,,,,,,,,,,,,,,,,,,,,,,,,,,,,,,,,,,,,
###,ISLPANegMS2O,,,,,,,,,,,,,,,,,,,,,,,,,,,,,,,,,,,,,,,,,,,
ISLPANegMS2O,H40 C20 O7 P1 ,1.7,LPA,17,0,isLPAO- 17:0,isLPAO- 17:0,423.2525,1024742.3,3694318.8,4110496.1,3922300.2,2184145,64792.9,104475,83118.2,68170.8,33331,17:00,269.2486,64792.9,104475,83118.2,68170.8,33331,152.9949,3024483.4,4574583.8,3661032.1,2910231.9,1519745.1,None, None, None, None, None, None, None, None, None, None, None, None,
,,,,,,,,,,,,,,,,,,,,,,,,,,,,,,,,,,,,,,,,,,,,
,,,,,,,,,,,,,,,,,,,,,,,,,,,,,,,,,,,,,,,,,,,,
###,ISLPENegMS2,,,,,,,,,,,,,,,,,,,,,,,,,,,,,,,,,,,,,,,,,,,
ISLPENegMS2,H37 C18 P1 O7 N1 ,1.6,LPE,13,0,isLPE 13:0,isLPE 13:0,410.232,3265281.6,5029218.1,5575079.7,5023070.2,9700166.6,9637012.5,6571223.4,5231451.8,3672200.9,6540357,13:00,213.1856,9637012.5,6571223.4,5231451.8,3672200.9,6540357,196.0374,810872.8,566372.8,457665.2,299205.7,553096.5,None, None, None, None, None, None, None, None, None, None, None, None,
,,,,,,,,,,,,,,,,,,,,,,,,,,,,,,,,,,,,,,,,,,,,
,,,,,,,,,,,,,,,,,,,,,,,,,,,,,,,,,,,,,,,,,,,,
###,ISLPENegMS2O,,,,,,,,,,,,,,,,,,,,,,,,,,,,,,,,,,,,,,,,,,,
ISLPENegMS2O,H37 C18 P1 O7 N1 ,1.6,LPE,13,0,isLPEO- 13:0,isLPEO- 13:0,410.232,3265281.6,5029218.1,5575079.7,5023070.2,9700166.6,9637012.5,6571223.4,5231451.8,3672200.9,6540357,13:00,213.1856,9637012.5,6571223.4,5231451.8,3672200.9,6540357,196.0374,810872.8,566372.8,457665.2,299205.7,553096.5,None, None, None, None, None, None, None, None, None, None, None, None,
,,,,,,,,,,,,,,,,,,,,,,,,,,,,,,,,,,,,,,,,,,,,
,,,,,,,,,,,,,,,,,,,,,,,,,,,,,,,,,,,,,,,,,,,,
###,ISLPGNegMS2,,,,,,,,,,,,,,,,,,,,,,,,,,,,,,,,,,,,,,,,,,,
ISLPGNegMS2,H44 C23 O9 P1 ,1.7,LPG,17,1,isLPG 17:1,isLPG 17:1,495.2737,4133935.3,6089558.8,5638195.4,5147164.8,9190685.5,8196480.7,5181519.6,3499739.3,2681132.5,4638420.7,17:01,267.233,8196480.7,5181519.6,3499739.3,2681132.5,4638420.7,,1691342.7,1038590.4,734524.9,546712.1,939324.2,None, None, None, None, None, None, None, None, None, None, None, None,
,,,,,,,,,,,,,,,,,,,,,,,,,,,,,,,,,,,,,,,,,,,,
,,,,,,,,,,,,,,,,,,,,,,,,,,,,,,,,,,,,,,,,,,,,
###,ISLPGNegMS2O,,,,,,,,,,,,,,,,,,,,,,,,,,,,,,,,,,,,,,,,,,,
ISLPGNegMS2O,H44 C23 O9 P1 ,1.7,LPG,17,1,isLPGO- 17:1,isLPGO- 17:1,495.2737,4133935.3,6089558.8,5638195.4,5147164.8,9190685.5,8196480.7,5181519.6,3499739.3,2681132.5,4638420.7,17:01,267.233,8196480.7,5181519.6,3499739.3,2681132.5,4638420.7,,1691342.7,1038590.4,734524.9,546712.1,939324.2,None, None, None, None, None, None, None, None, None, None, None, None,
,,,,,,,,,,,,,,,,,,,,,,,,,,,,,,,,,,,,,,,,,,,,
,,,,,,,,,,,,,,,,,,,,,,,,,,,,,,,,,,,,,,,,,,,,
###,ISLPINegMS2,,,,,,,,,,,,,,,,,,,,,,,,,,,,,,,,,,,,,,,,,,,
ISLPINegMS2,H42 C22 O12 P1 ,1.7,LPI,13,0,isLPI 13:0,isLPI 13:0,529.2428,2470863.6,3972072.3,3800485.5,3239428.7,5271401.3,1969497.3,1558173.8,1036355.1,778640.3,1151817.3,13:00,213.1856,1969497.3,1558173.8,1036355.1,778640.3,1151817.3,152.9949,1335361.5,1032631.9,706979.2,510605.8,808015.6,241.0117,787288.5,629611.9,430992,322580.9,481646.3,None, None, None, None, None, None,
,,,,,,,,,,,,,,,,,,,,,,,,,,,,,,,,,,,,,,,,,,,,
,,,,,,,,,,,,,,,,,,,,,,,,,,,,,,,,,,,,,,,,,,,,
###,ISLPINegMS2O,,,,,,,,,,,,,,,,,,,,,,,,,,,,,,,,,,,,,,,,,,,
ISLPINegMS2O,H42 C22 O12 P1 ,1.7,LPI,13,0,isLPIO- 13:0,isLPIO- 13:0,529.2428,2470863.6,3972072.3,3800485.5,3239428.7,5271401.3,1969497.3,1558173.8,1036355.1,778640.3,1151817.3,13:00,213.1856,1969497.3,1558173.8,1036355.1,778640.3,1151817.3,152.9949,1335361.5,1032631.9,706979.2,510605.8,808015.6,241.0117,787288.5,629611.9,430992,322580.9,481646.3,None, None, None, None, None, None,
,,,,,,,,,,,,,,,,,,,,,,,,,,,,,,,,,,,,,,,,,,,,
,,,,,,,,,,,,,,,,,,,,,,,,,,,,,,,,,,,,,,,,,,,,
###,ISLPSNegMS2,,,,,,,,,,,,,,,,,,,,,,,,,,,,,,,,,,,,,,,,,,,
ISLPSNegMS2,H43 C23 P1 O9 N1 ,1.5,LPS,17,1,isLPS 17:1,isLPS 17:1,508.2688,1660285.6,3128717.7,3197312.7,2888762.3,4330667.6,86350.9,86931.6,56896.8,50209.4,65721.5,17:01,267.2329,86350.9,86931.6,56896.8,50209.4,65721.5,,3639942.3,3535673.3,2566408.4,2003297.3,2713976,None, None, None, None, None, None,87.0326,1552831.1,1522860.5,1104591.5,837431.7,1135778.4,
,,,,,,,,,,,,,,,,,,,,,,,,,,,,,,,,,,,,,,,,,,,,
,,,,,,,,,,,,,,,,,,,,,,,,,,,,,,,,,,,,,,,,,,,,
###,ISLPSNegMS2O,,,,,,,,,,,,,,,,,,,,,,,,,,,,,,,,,,,,,,,,,,,
ISLPSNegMS2O,H43 C23 P1 O9 N1 ,1.5,LPS,17,1,isLPSO- 17:1,isLPSO- 17:1,508.2688,1660285.6,3128717.7,3197312.7,2888762.3,4330667.6,86350.9,86931.6,56896.8,50209.4,65721.5,17:01,267.2329,86350.9,86931.6,56896.8,50209.4,65721.5,,3639942.3,3535673.3,2566408.4,2003297.3,2713976,None, None, None, None, None, None,87.0326,1552831.1,1522860.5,1104591.5,837431.7,1135778.4,
,,,,,,,,,,,,,,,,,,,,,,,,,,,,,,,,,,,,,,,,,,,,
,,,,,,,,,,,,,,,,,,,,,,,,,,,,,,,,,,,,,,,,,,,,
###,LPAONegMS2,,,,,,,,,,,,,,,,,,,,,,,,,,,,,,,,,,,,,,,,,,,
LPAONegMS2,H34 C21 O6 P1 ,3.7,LPAO-,18,5,LPAO- 18:5 ,LPAO- 18:5 ,413.2114,326.3,0,0,0,721.2,326.3,0,0,0,721.2,None, None, None, None, None, None, None,152.995,46445.4,42017.3,2454.9,0,0,None, None, None, None, None, None, None, None, None, None, None, None,
LPAONegMS2,H36 C21 O6 P1 ,1.8,LPAO-,18,4,LPAO- 18:4 ,LPAO- 18:4 ,415.2262,2217.5,0,790.7,954.1,533.8,2217.5,0,790.7,954.1,533.8,None, None, None, None, None, None, None,152.9948,1197562.8,1730362.8,2069.2,1885.3,0,None, None, None, None, None, None, None, None, None, None, None, None,
LPAONegMS2,H38 C21 O6 P1 ,3.8,LPAO-,18,3,LPAO- 18:3 ,LPAO- 18:3 ,417.2427,10371.1,16715.6,2421.9,1982.9,1810,10371.1,16715.6,2421.9,1982.9,1810,None, None, None, None, None, None, None,152.9949,466256.8,758441.3,2136.5,3217.4,0,None, None, None, None, None, None, None, None, None, None, None, None,
LPAONegMS2,H40 C21 O6 P1 ,2.4,LPAO-,18,2,LPAO- 18:2 ,LPAO- 18:2 ,419.2578,76297.8,90810.9,26453.1,22204.2,1331,76297.8,90810.9,26453.1,22204.2,1331,None, None, None, None, None, None, None,152.9948,151734.4,150897.4,2821.5,1858.7,0,None, None, None, None, None, None, None, None, None, None, None, None,
LPAONegMS2,H42 C21 O6 P1 ,2.2,LPAO-,18,1,LPAO- 18:1 ,LPAO- 18:1 ,421.2734,2285.8,1279.9,8294.4,8426.6,7053.2,2285.8,1279.9,8294.4,8426.6,7053.2,None, None, None, None, None, None, None,152.9949,208330.3,201231.3,126557.4,98044.2,50719.3,None, None, None, None, None, None, None, None, None, None, None, None,
LPAONegMS2,H44 C21 O6 P1 ,3.4,LPAO-,18,0,LPAO- 18:0 ,LPAO- 18:0 ,423.2895,675.9,6117.3,2305.4,9578.4,34536.3,675.9,6117.3,2305.4,9578.4,34536.3,None, None, None, None, None, None, None,152.9949,3024483.4,4574583.8,3661032.1,2910231.9,1519745.1,None, None, None, None, None, None, None, None, None, None, None, None,
LPAONegMS2,H36 C23 O6 P1 ,3.4,LPAO-,20,6,LPAO- 20:6 ,LPAO- 20:6 ,439.227,3869.7,5855.3,0,0,0,3869.7,5855.3,0,0,0,None, None, None, None, None, None, None,152.9949,-1.3,3989,-1.3,-1.3,8248.8,None, None, None, None, None, None, None, None, None, None, None, None,
LPAONegMS2,H38 C23 O6 P1 ,5.4,LPAO-,20,5,LPAO- 20:5 ,LPAO- 20:5 ,441.2435,1252.6,296,982.5,485.2,0,1252.6,296,982.5,485.2,0,None, None, None, None, None, None, None,152.9949,14861.8,20095.1,-1.3,30,-1.3,None, None, None, None, None, None, None, None, None, None, None, None,
LPAONegMS2,H40 C23 O6 P1 ,3.5,LPAO-,20,4,LPAO- 20:4 ,LPAO- 20:4 ,443.2583,3067,2009,5856,11079.7,293.8,3067,2009,5856,11079.7,293.8,None, None, None, None, None, None, None,152.9951,76703.9,59706.9,2262,2641.7,0,None, None, None, None, None, None, None, None, None, None, None, None,
LPAONegMS2,H42 C23 O6 P1 ,1.7,LPAO-,20,3,LPAO- 20:3 ,LPAO- 20:3 ,445.2732,2200.9,187.6,158.8,1196.8,0,2200.9,187.6,158.8,1196.8,0,None, None, None, None, None, None, None,152.9949,56226.3,65758.6,41687.3,22528.8,26918,None, None, None, None, None, None, None, None, None, None, None, None,
LPAONegMS2,H44 C23 O6 P1 ,1.6,LPAO-,20,2,LPAO- 20:2 ,LPAO- 20:2 ,447.2888,13277.2,4336.1,2802.6,3540.6,0,13277.2,4336.1,2802.6,3540.6,0,None, None, None, None, None, None, None,152.995,36874,32410.3,4729,2312.6,3968.4,None, None, None, None, None, None, None, None, None, None, None, None,
LPAONegMS2,H46 C23 O6 P1 ,2.4,LPAO-,20,1,LPAO- 20:1 ,LPAO- 20:1 ,449.3048,1822.2,1437.4,1575.4,1640.4,645.6,1822.2,1437.4,1575.4,1640.4,645.6,None, None, None, None, None, None, None,152.995,64074.2,39824.8,14912.7,9327,3923.4,None, None, None, None, None, None, None, None, None, None, None, None,
LPAONegMS2,H48 C23 O6 P1 ,-0.4,LPAO-,20,0,LPAO- 20:0 ,LPAO- 20:0 ,451.3192,1060.5,331.7,0,483.2,0,1060.5,331.7,0,483.2,0,None, None, None, None, None, None, None,152.9949,43277.4,39055.9,18098.9,11283.6,4188.4,None, None, None, None, None, None, None, None, None, None, None, None,
LPAONegMS2,H40 C25 O6 P1 ,5.2,LPAO-,22,6,LPAO- 22:6 ,LPAO- 22:6 ,467.2592,6.6,0,0,0,0,6.6,0,0,0,0,None, None, None, None, None, None, None,152.9949,105881.7,43636.3,60979.6,55624.3,0,None, None, None, None, None, None, None, None, None, None, None, None,
LPAONegMS2,H44 C25 O6 P1 ,-0.3,LPAO-,22,4,LPAO- 22:4 ,LPAO- 22:4 ,471.288,0,0,529.6,0,0,0,0,529.6,0,0,None, None, None, None, None, None, None,152.995,15290.7,11042.3,6115.9,4549.2,2151,None, None, None, None, None, None, None, None, None, None, None, None,
LPAONegMS2,H46 C25 O6 P1 ,4.1,LPAO-,22,3,LPAO- 22:3 ,LPAO- 22:3 ,473.3057,0,881.1,455,1310.9,3683.9,0,881.1,455,1310.9,3683.9,None, None, None, None, None, None, None,152.9949,39113.9,25430.3,12310,7979.9,2375.9,None, None, None, None, None, None, None, None, None, None, None, None,
LPAONegMS2,H48 C25 O6 P1 ,4.2,LPAO-,22,2,LPAO- 22:2 ,LPAO- 22:2 ,475.3214,4633.6,4806.3,984.5,2594.3,22128.1,4633.6,4806.3,984.5,2594.3,22128.1,None, None, None, None, None, None, None,152.9949,18774.2,12873,5061.8,4205.1,0,None, None, None, None, None, None, None, None, None, None, None, None,
LPAONegMS2,H50 C25 O6 P1 ,3.5,LPAO-,22,1,LPAO- 22:1 ,LPAO- 22:1 ,477.3367,16851.2,23680.4,993.7,0,2581.5,16851.2,23680.4,993.7,0,2581.5,None, None, None, None, None, None, None,152.995,9324.9,6256.3,2834.8,-1.3,0,None, None, None, None, None, None, None, None, None, None, None, None,
LPAONegMS2,H46 C27 O6 P1 ,2.5,LPAO-,24,5,LPAO- 24:5 ,LPAO- 24:5 ,497.305,250.5,0,0,0,0,250.5,0,0,0,0,None, None, None, None, None, None, None,152.9949,-1.4,3509.3,-1.4,-1.4,-1.4,None, None, None, None, None, None, None, None, None, None, None, None,
LPAONegMS2,H48 C27 O6 P1 ,2.2,LPAO-,24,4,LPAO- 24:4 ,LPAO- 24:4 ,499.3205,1280,0,1747.2,1743,0,1280,0,1747.2,1743,0,None, None, None, None, None, None, None,152.9951,14172.3,14566.5,8071.2,7590.1,1981.6,None, None, None, None, None, None, None, None, None, None, None, None,
LPAONegMS2,H50 C27 O6 P1 ,2.4,LPAO-,24,3,LPAO- 24:3 ,LPAO- 24:3 ,501.3362,1302.8,0,997.2,696.7,0,1302.8,0,997.2,696.7,0,None, None, None, None, None, None, None,152.9951,6030.1,5700,4163.3,3443,0,None, None, None, None, None, None, None, None, None, None, None, None,
LPAONegMS2,H52 C27 O6 P1 ,-0.1,LPAO-,24,2,LPAO- 24:2 ,LPAO- 24:2 ,503.3506,1802.9,0,553.6,0,0,1802.9,0,553.6,0,0,None, None, None, None, None, None, None,152.9949,19138.4,31631.5,28969.6,19794.6,13032.3,None, None, None, None, None, None, None, None, None, None, None, None,
LPAONegMS2,H56 C27 O6 P1 ,-1.9,LPAO-,24,0,LPAO- 24:0 ,LPAO- 24:0 ,507.381,0,298.5,0,0,0,0,298.5,0,0,0,None, None, None, None, None, None, None,152.9949,56266.4,54082.8,46458.2,32930.4,12347.1,None, None, None, None, None, None, None, None, None, None, None, None,
,,,,,,,,,,,,,,,,,,,,,,,,,,,,,,,,,,,,,,,,,,,,
,,,,,,,,,,,,,,,,,,,,,,,,,,,,,,,,,,,,,,,,,,,,
###,LPANegMS2,,,,,,,,,,,,,,,,,,,,,,,,,,,,,,,,,,,,,,,,,,,
LPANegMS2,H36 C19 O7 P1 ,2.4,LPA,16,1,LPA 16:1,LPA 16:1,407.2214,20353.2,14629.6,46540,61173,6416.2,2422.7,2155,7280.4,2522.7,0,16:01,253.2169,2422.7,2155,7280.4,2522.7,0,,21858.1,-1.3,46132.7,45301.7,2005.8,None, None, None, None, None, None, None, None, None, None, None, None,
LPANegMS2,H38 C19 O7 P1 ,1.7,LPA,16,0,LPA 16:0,LPA 16:0,409.2368,707839.1,740018.9,1354172.6,1443969.6,2812.6,123326.6,85744.9,58538.3,53767.2,24155,16:00,255.2329,123326.6,85744.9,58538.3,53767.2,24155,,1946690.8,1108123.9,1290135.8,1085092.9,0,None, None, None, None, None, None, None, None, None, None, None, None,
LPANegMS2,H36 C21 O7 P1 ,-2.1,LPA,18,3,LPA 18:3,LPA 18:3,431.2195,29430.8,23290.7,69966.1,48797.8,49812,0,0,1958.2,0,0,18:03,277.2193,0,0,1958.2,0,0,,236854.3,150939.1,78258.3,44037.7,0,None, None, None, None, None, None, None, None, None, None, None, None,
LPANegMS2,H38 C21 O7 P1 ,1.7,LPA,18,2,LPA 18:2,LPA 18:2,433.2368,117437.9,150755.2,549284,644337.2,2270.4,9227.3,4422.3,16097.2,12872.5,0,18:02,279.2329,9227.3,4422.3,16097.2,12872.5,0,,391798.1,278694.3,550581,488061.8,0,None, None, None, None, None, None, None, None, None, None, None, None,
LPANegMS2,H40 C21 O7 P1 ,1.6,LPA,18,1,LPA 18:1,LPA 18:1,435.2524,314948.3,134947.7,807495.4,874263.5,129410.6,18298.6,13953.9,19971.5,14852.2,0,18:01,281.2489,18298.6,13953.9,19971.5,14852.2,0,,400630.2,256858,370369.8,319784.4,0,None, None, None, None, None, None, None, None, None, None, None, None,
LPANegMS2,H42 C21 O7 P1 ,1.2,LPA,18,0,LPA 18:0,LPA 18:0,437.2679,505937.1,477053.9,619670.3,555202.3,714.1,138115.9,106717,38667.7,45334.2,33336.7,18:00,283.2643,138115.9,106717,38667.7,45334.2,33336.7,,1417370.9,675269.3,609515.4,427429.4,0,None, None, None, None, None, None, None, None, None, None, None, None,
LPANegMS2,H38 C23 O7 P1 ,1.4,LPA,20,4,LPA 20:4,LPA 20:4,457.2367,48034.8,61555.5,315312,324870,0,0,2481.8,3301.2,2408.5,0,20:04,303.2331,0,2481.8,3301.2,2408.5,0,,200147.2,132214.3,374220.7,280393,2124.5,None, None, None, None, None, None, None, None, None, None, None, None,
,,,,,,,,,,,,,,,,,,,,,,,,,,,,,,,,,,,,,,,,,,,,
,,,,,,,,,,,,,,,,,,,,,,,,,,,,,,,,,,,,,,,,,,,,
###,LPEONegMS2,,,,,,,,,,,,,,,,,,,,,,,,,,,,,,,,,,,,,,,,,,,
LPEONegMS2,H41 C19 N1 O6 P1 ,-2.7,LPEO-,14,0,LPEO- 14:0,LPEO- 14:0,410.2666,0,458,0,420.5,0,0,458,0,420.5,0,None, None, None, None, None, None, None,196.0374,810872.8,566372.8,457665.2,299205.7,553096.5,None, None, None, None, None, None, None, None, None, None, None, None,
LPEONegMS2,H39 C21 N1 O6 P1 ,-2,LPEO-,16,3,LPEO- 16:3,LPEO- 16:3,432.2512,3857.2,3658.4,0,0,342.9,3857.2,3658.4,0,0,342.9,None, None, None, None, None, None, None,196.0375,181232.3,76588.5,63821.5,30115.7,110484.7,None, None, None, None, None, None, None, None, None, None, None, None,
LPEONegMS2,H41 C21 N1 O6 P1 ,0.3,LPEO-,16,2,LPEO- 16:2,LPEO- 16:2,434.2678,1971.3,935.2,0,1853.8,0,1971.3,935.2,0,1853.8,0,None, None, None, None, None, None, None,196.0378,3281.7,2116.4,0,0,1722.9,None, None, None, None, None, None, None, None, None, None, None, None,
LPEONegMS2,H43 C21 N1 O6 P1 ,1.8,LPEO-,16,1,LPEO- 16:1,LPEO- 16:1,436.2841,16506.8,15772.5,10892.1,32764.5,1158.8,16506.8,15772.5,10892.1,32764.5,1158.8,None, None, None, None, None, None, None,196.0373,19830.6,15679.4,5653.4,5629.3,0,None, None, None, None, None, None, None, None, None, None, None, None,
LPEONegMS2,H37 C23 N1 O6 P1 ,4.4,LPEO-,18,6,LPEO- 18:6,LPEO- 18:6,454.2384,0,5319.2,6229.2,6793.3,13325.2,0,5319.2,6229.2,6793.3,13325.2,None, None, None, None, None, None, None,196.0377,-1.3,-1.3,0,-1.3,0,None, None, None, None, None, None, None, None, None, None, None, None,
LPEONegMS2,H41 C23 N1 O6 P1 ,-4.7,LPEO-,18,4,LPEO- 18:4,LPEO- 18:4,458.2655,859.4,0,0,0,0,859.4,0,0,0,0,None, None, None, None, None, None, None,196.0377,12542.1,2746.2,0,2636.1,0,None, None, None, None, None, None, None, None, None, None, None, None,
LPEONegMS2,H43 C23 N1 O6 P1 ,-1.5,LPEO-,18,3,LPEO- 18:3,LPEO- 18:3,460.2827,606.9,483,0,0,0,606.9,483,0,0,0,None, None, None, None, None, None, None,196.0376,2946.8,0,0,0,0,None, None, None, None, None, None, None, None, None, None, None, None,
LPEONegMS2,H45 C23 N1 O6 P1 ,2,LPEO-,18,2,LPEO- 18:2,LPEO- 18:2,462.2999,6737.2,9291.3,0,1060.6,0,6737.2,9291.3,0,1060.6,0,None, None, None, None, None, None, None,196.0374,9935.6,4388.9,2456.3,2947,0,None, None, None, None, None, None, None, None, None, None, None, None,
LPEONegMS2,H47 C23 N1 O6 P1 ,1.6,LPEO-,18,1,LPEO- 18:1,LPEO- 18:1,464.3154,17194.2,30931.9,2725.3,7057.5,532.1,17194.2,30931.9,2725.3,7057.5,532.1,None, None, None, None, None, None, None,196.0373,15953.4,8651,2594.9,3563.3,0,None, None, None, None, None, None, None, None, None, None, None, None,
LPEONegMS2,H49 C23 N1 O6 P1 ,1,LPEO-,18,0,LPEO- 18:0,LPEO- 18:0,466.3307,341.5,-1.3,0,0,0,341.5,-1.3,0,0,0,None, None, None, None, None, None, None,196.0366,2564.2,0,0,0,0,None, None, None, None, None, None, None, None, None, None, None, None,
LPEONegMS2,H39 C25 N1 O6 P1 ,5.7,LPEO-,20,7,LPEO- 20:7,LPEO- 20:7,480.2548,0,0,0,428,311.2,0,0,0,428,311.2,None, None, None, None, None, None, None,196.0375,165970.1,138950.4,63059.2,83405.8,0,None, None, None, None, None, None, None, None, None, None, None, None,
LPEONegMS2,H49 C25 N1 O6 P1 ,0.6,LPEO-,20,2,LPEO- 20:2,LPEO- 20:2,490.3306,0,0,418.4,0,0,0,0,418.4,0,0,None, None, None, None, None, None, None,196.0374,37736,25306.5,24046.6,13800.4,40703.8,None, None, None, None, None, None, None, None, None, None, None, None,
LPEONegMS2,H51 C25 N1 O6 P1 ,-1.5,LPEO-,20,1,LPEO- 20:1,LPEO- 20:1,492.3452,3783.5,3802,2385.2,778.2,3760.4,3783.5,3802,2385.2,778.2,3760.4,None, None, None, None, None, None, None,196.0374,17498.9,9708.8,8026.7,8251.2,10857.7,None, None, None, None, None, None, None, None, None, None, None, None,
LPEONegMS2,H53 C25 N1 O6 P1 ,1.3,LPEO-,20,0,LPEO- 20:0,LPEO- 20:0,494.3622,-1.4,-1.4,0,0,0,-1.4,-1.4,0,0,0,None, None, None, None, None, None, None,196.0374,11761.7,14797.1,11202.6,5219.5,25614.4,None, None, None, None, None, None, None, None, None, None, None, None,
LPEONegMS2,H45 C27 N1 O6 P1 ,1.9,LPEO-,22,6,LPEO- 22:6,LPEO- 22:6,510.3,0,0,0,638.8,0,0,0,0,638.8,0,None, None, None, None, None, None, None,196.0376,-1.4,-1.4,-1.4,-1.4,-1.4,None, None, None, None, None, None, None, None, None, None, None, None,
LPEONegMS2,H49 C27 N1 O6 P1 ,-0.9,LPEO-,22,4,LPEO- 22:4,LPEO- 22:4,514.3298,1050.3,0,0,0,0,1050.3,0,0,0,0,None, None, None, None, None, None, None,196.0371,5371.8,3409.6,0,2889.8,0,None, None, None, None, None, None, None, None, None, None, None, None,
LPEONegMS2,H55 C27 N1 O6 P1 ,-0.8,LPEO-,22,1,LPEO- 22:1,LPEO- 22:1,520.3768,5244.9,496.5,0,580.9,5628.1,5244.9,496.5,0,580.9,5628.1,None, None, None, None, None, None, None,196.0371,2100.9,2647.4,0,0,0,None, None, None, None, None, None, None, None, None, None, None, None,
LPEONegMS2,H49 C29 N1 O6 P1 ,-0.5,LPEO-,24,6,LPEO- 24:6,LPEO- 24:6,538.33,0,0,0,688.6,436.9,0,0,0,688.6,436.9,None, None, None, None, None, None, None,196.0376,10924.5,7046.7,3971.9,2697.8,0,None, None, None, None, None, None, None, None, None, None, None, None,
LPEONegMS2,H53 C29 N1 O6 P1 ,3.1,LPEO-,24,4,LPEO- 24:4,LPEO- 24:4,542.3633,416.9,0,0,0,0,416.9,0,0,0,0,None, None, None, None, None, None, None,196.0372,5246.9,3657,0,2335.5,0,None, None, None, None, None, None, None, None, None, None, None, None,
LPEONegMS2,H59 C29 N1 O6 P1 ,2.4,LPEO-,24,1,LPEO- 24:1,LPEO- 24:1,548.4099,9580,0,0,0,0,9580,0,0,0,0,None, None, None, None, None, None, None,196.0374,18109.9,9157.2,3808.7,2511.3,0,None, None, None, None, None, None, None, None, None, None, None, None,
LPEONegMS2,H61 C29 N1 O6 P1 ,-5.4,LPEO-,24,0,LPEO- 24:0,LPEO- 24:0,550.4212,0,0,6058.7,1364.1,492,0,0,6058.7,1364.1,492,None, None, None, None, None, None, None,196.0376,56745.2,41217.9,26383.2,17874.9,0,None, None, None, None, None, None, None, None, None, None, None, None,
,,,,,,,,,,,,,,,,,,,,,,,,,,,,,,,,,,,,,,,,,,,,
,,,,,,,,,,,,,,,,,,,,,,,,,,,,,,,,,,,,,,,,,,,,
###,LPENegMS2,,,,,,,,,,,,,,,,,,,,,,,,,,,,,,,,,,,,,,,,,,,
LPENegMS2,H41 C21 N1 O7 P1 ,1.7,LPE,16,1,LPE 16:1,LPE 16:1,450.2634,12922.9,9077.7,8418.2,16776.3,473.2,55657.9,33286.5,15729.1,23926.9,0,16:01,253.2172,55657.9,33286.5,15729.1,23926.9,0,196.0373,2895.9,2157.8,1932.5,0,0,None, None, None, None, None, None, None, None, None, None, None, None,
LPENegMS2,H43 C21 N1 O7 P1 ,1.9,LPE,16,0,LPE 16:0,LPE 16:0,452.2791,183535.9,950948.7,1008820.1,1334616.3,1280.6,1631541.5,1146465.5,851511.2,944805.7,-1.3,16:00,255.2328,1631541.5,1146465.5,851511.2,944805.7,-1.3,196.0374,136551.9,92130.6,81281.3,88462.3,0,None, None, None, None, None, None, None, None, None, None, None, None,
LPENegMS2,H41 C23 N1 O7 P1 ,-1.6,LPE,18,3,LPE 18:3,LPE 18:3,474.2618,105188.3,88040.5,103358.7,113769.6,57571.7,8836.8,6866.9,6150.5,10345.4,0,18:03,277.2182,8836.8,6866.9,6150.5,10345.4,0,196.0377,39130.9,13136.4,6432.2,3022.1,0,None, None, None, None, None, None, None, None, None, None, None, None,
LPENegMS2,H43 C23 N1 O7 P1 ,1.8,LPE,18,2,LPE 18:2,LPE 18:2,476.2791,146408.3,330728.9,553979.9,1173877.2,0,463404.3,456262.3,504222.7,856071,2348.5,18:02,279.2328,463404.3,456262.3,504222.7,856071,2348.5,196.0374,31701.2,28673.9,29742,47182.5,6607.8,None, None, None, None, None, None, None, None, None, None, None, None,
LPENegMS2,H45 C23 N1 O7 P1 ,1.8,LPE,18,1,LPE 18:1,LPE 18:1,478.2948,446516.7,710244,452334.8,714135.4,0,1392985.5,965928.3,298267.3,489309,-1.3,18:01,281.2485,1392985.5,965928.3,298267.3,489309,-1.3,196.0377,71009.3,53814.7,35705.6,40191.2,1665.1,None, None, None, None, None, None, None, None, None, None, None, None,
LPENegMS2,H47 C23 N1 O7 P1 ,1.9,LPE,18,0,LPE 18:0,LPE 18:0,480.3105,1424135.3,1375799.8,1285741.1,1916703.4,0,1988025.5,1459451.6,792938.4,895794.7,-1.3,18:00,283.2639,1988025.5,1459451.6,792938.4,895794.7,-1.3,196.0375,165970.1,138950.4,63059.2,83405.8,0,None, None, None, None, None, None, None, None, None, None, None, None,
LPENegMS2,H41 C25 N1 O7 P1 ,2.1,LPE,20,5,LPE 20:5,LPE 20:5,498.2637,289.1,1952.1,1004.9,3128.1,0,12672.4,8538.9,6079.7,7226.6,0,20:05,301.2168,12672.4,8538.9,6079.7,7226.6,0,196.0373,17594.8,8009.5,2910,6693,0,None, None, None, None, None, None, None, None, None, None, None, None,
LPENegMS2,H43 C25 N1 O7 P1 ,1.9,LPE,20,4,LPE 20:4,LPE 20:4,500.2792,1218403.7,2159987.1,2375520.5,3167531.4,0,2232474.3,1686693.1,1226861.8,1246099.1,0,20:04,303.233,2232474.3,1686693.1,1226861.8,1246099.1,0,196.0374,154595.6,96193.8,101785.9,116578.4,0,None, None, None, None, None, None, None, None, None, None, None, None,
LPENegMS2,H45 C25 N1 O7 P1 ,2,LPE,20,3,LPE 20:3,LPE 20:3,502.2949,19039.1,98166.5,84563,132073.2,1372.9,142720.2,102226.5,98114.9,104876,0,20:03,305.247,142720.2,102226.5,98114.9,104876,0,196.0374,28621.9,17011.5,9379.8,6005.3,0,None, None, None, None, None, None, None, None, None, None, None, None,
LPENegMS2,H47 C25 N1 O7 P1 ,1.6,LPE,20,2,LPE 20:2,LPE 20:2,504.3104,118277.5,49228.6,145596.6,294205.2,0,33787.8,26360.8,15264.1,17872.1,0,20:02,307.2643,33787.8,26360.8,15264.1,17872.1,0,196.0374,1918.9,2179.1,0,0,0,None, None, None, None, None, None, None, None, None, None, None, None,
LPENegMS2,H49 C25 N1 O7 P1 ,1.1,LPE,20,1,LPE 20:1,LPE 20:1,506.3258,103903.8,47174,92510.3,191338.3,0,49290.3,35777.8,18308.8,25632.9,0,20:01,309.28,49290.3,35777.8,18308.8,25632.9,0,196.0375,18490,15853.5,2961.8,3091.8,0,None, None, None, None, None, None, None, None, None, None, None, None,
LPENegMS2,H51 C25 N1 O7 P1 ,1.5,LPE,20,0,LPE 20:0,LPE 20:0,508.3416,425262.3,84321.3,113817.9,193447.7,0,4525.7,3899,2872.2,0,0,20:00,311.2956,4525.7,3899,2872.2,0,0,196.0374,133547.3,213859.9,176605,80811.4,333141.5,None, None, None, None, None, None, None, None, None, None, None, None,
LPENegMS2,H43 C27 N1 O7 P1 ,2.4,LPE,22,6,LPE 22:6,LPE 22:6,524.2795,750178.1,1353775,1816797.5,2131623.5,1444.7,660593.2,505464.9,429717.5,389229.8,0,22:06,327.2331,660593.2,505464.9,429717.5,389229.8,0,196.0374,84880.7,90246.4,91099.4,85115,3176.3,None, None, None, None, None, None, None, None, None, None, None, None,
LPENegMS2,H45 C27 N1 O7 P1 ,2,LPE,22,5,LPE 22:5,LPE 22:5,526.295,202158.1,361428.2,83772.9,97913.9,0,374450.1,268959.4,55210.3,47786,0,22:05,329.2479,374450.1,268959.4,55210.3,47786,0,196.0374,20648.2,15023.5,3220.4,2984.2,2339.4,None, None, None, None, None, None, None, None, None, None, None, None,
LPENegMS2,H47 C27 N1 O7 P1 ,1.6,LPE,22,4,LPE 22:4,LPE 22:4,528.3104,599397.5,880909.5,125906.3,206376,0,1144097.6,848266.1,19994.7,21836.1,0,22:04,331.2643,1144097.6,848266.1,19994.7,21836.1,0,196.0373,67126.1,43815.6,2884.8,2682.1,3009,None, None, None, None, None, None, None, None, None, None, None, None,
LPENegMS2,H47 C29 N1 O7 P1 ,2.6,LPE,24,6,LPE 24:6,LPE 24:6,552.311,6800.8,2515.8,8435.8,29560.3,528,3283,0,0,0,0,24:06:00,355.2644,3283,0,0,0,0,196.0375,25028,13863.9,1559,164.6,2199.6,None, None, None, None, None, None, None, None, None, None, None, None,
LPENegMS2,H49 C29 N1 O7 P1 ,2.6,LPE,24,5,LPE 24:5,LPE 24:5,554.3267,1910.8,22910.4,0,0,1056.8,41201.3,22925,0,0,0,24:05:00,357.2799,41201.3,22925,0,0,0,196.0374,13412.5,10366.7,0,0,0,None, None, None, None, None, None, None, None, None, None, None, None,
LPENegMS2,H51 C29 N1 O7 P1 ,0.2,LPE,24,4,LPE 24:4,LPE 24:4,556.341,2121.5,2961.7,0,0,0,38692.1,26830.9,0,0,0,24:04:00,359.296,38692.1,26830.9,0,0,0,196.0378,29577.5,15924.1,0,3498.5,0,None, None, None, None, None, None, None, None, None, None, None, None,
LPENegMS2,H53 C29 N1 O7 P1 ,0.5,LPE,24,3,LPE 24:3,LPE 24:3,558.3568,2315.9,1032.4,0,0,0,7664.4,3521.4,0,0,0,24:03:00,361.3084,7664.4,3521.4,0,0,0,196.0376,11034.2,8921.6,3906.4,3775.9,0,None, None, None, None, None, None, None, None, None, None, None, None,
,,,,,,,,,,,,,,,,,,,,,,,,,,,,,,,,,,,,,,,,,,,,
,,,,,,,,,,,,,,,,,,,,,,,,,,,,,,,,,,,,,,,,,,,,
###,LPGONegMS2,,,,,,,,,,,,,,,,,,,,,,,,,,,,,,,,,,,,,,,,,,,
LPGONegMS2,H36 C20 O8 P1 ,2.2,LPGO-,14,3,LPGO- 14:3,LPGO- 14:3,435.2163,14055.2,4033.5,3190.1,3509.5,1852.1,14055.2,4033.5,3190.1,3509.5,1852.1,None, None, None, None, None, None, None,152.9949,400630.2,256858,370369.8,319784.4,0,None, None, None, None, None, None, None, None, None, None, None, None,
LPGONegMS2,H38 C20 O8 P1 ,2.5,LPGO-,14,2,LPGO- 14:2,LPGO- 14:2,437.2321,23189.8,12589.6,5164.3,6474.6,4587.4,23189.8,12589.6,5164.3,6474.6,4587.4,None, None, None, None, None, None, None,152.995,1417370.9,675269.3,609515.4,427429.4,0,None, None, None, None, None, None, None, None, None, None, None, None,
LPGONegMS2,H40 C20 O8 P1 ,1.4,LPGO-,14,1,LPGO- 14:1,LPGO- 14:1,439.2473,16320.1,12047.1,11301.4,10970.7,2938.1,16320.1,12047.1,11301.4,10970.7,2938.1,None, None, None, None, None, None, None,152.9949,-1.3,3989,-1.3,-1.3,8248.8,None, None, None, None, None, None, None, None, None, None, None, None,
LPGONegMS2,H42 C20 O8 P1 ,3.5,LPGO-,14,0,LPGO- 14:0,LPGO- 14:0,441.2638,5410.3,4729.9,418.6,505.6,0,5410.3,4729.9,418.6,505.6,0,None, None, None, None, None, None, None,152.9949,14861.8,20095.1,-1.3,30,-1.3,None, None, None, None, None, None, None, None, None, None, None, None,
LPGONegMS2,H38 C22 O8 P1 ,2.2,LPGO-,16,4,LPGO- 16:4,LPGO- 16:4,461.232,842.3,0,0,0,0,842.3,0,0,0,0,None, None, None, None, None, None, None,152.9949,28155,50420.7,43682.9,39146.2,20971.8,None, None, None, None, None, None, None, None, None, None, None, None,
LPGONegMS2,H40 C22 O8 P1 ,1.6,LPGO-,16,3,LPGO- 16:3,LPGO- 16:3,463.2474,1596.6,0,0,658.4,468.7,1596.6,0,0,658.4,468.7,None, None, None, None, None, None, None,152.9949,33006.5,30862.6,20181.1,14415.4,1038.4,None, None, None, None, None, None, None, None, None, None, None, None,
LPGONegMS2,H42 C22 O8 P1 ,2.9,LPGO-,16,2,LPGO- 16:2,LPGO- 16:2,465.2636,6356.4,1068.1,0,1108.5,905.6,6356.4,1068.1,0,1108.5,905.6,None, None, None, None, None, None, None,152.9949,31777.3,18033.1,3097.4,1006.8,0,None, None, None, None, None, None, None, None, None, None, None, None,
LPGONegMS2,H44 C22 O8 P1 ,1.5,LPGO-,16,1,LPGO- 16:1,LPGO- 16:1,467.2786,3692.6,277.4,513.2,0,330.9,3692.6,277.4,513.2,0,330.9,None, None, None, None, None, None, None,152.9949,105881.7,43636.3,60979.6,55624.3,0,None, None, None, None, None, None, None, None, None, None, None, None,
LPGONegMS2,H46 C22 O8 P1 ,4.8,LPGO-,16,0,LPGO- 16:0,LPGO- 16:0,469.2958,737.2,404.4,0,2324.5,351.2,737.2,404.4,0,2324.5,351.2,None, None, None, None, None, None, None,152.9949,36964.5,22724.3,21263.5,18337.7,-1.3,None, None, None, None, None, None, None, None, None, None, None, None,
LPGONegMS2,H36 C24 O8 P1 ,6,LPGO-,18,7,LPGO- 18:7,LPGO- 18:7,483.2182,1409.6,0,0,0,0,1409.6,0,0,0,0,None, None, None, None, None, None, None,152.9949,43907.3,39247.2,33910.3,32702.8,16211.6,None, None, None, None, None, None, None, None, None, None, None, None,
LPGONegMS2,H38 C24 O8 P1 ,3.6,LPGO-,18,6,LPGO- 18:6,LPGO- 18:6,485.2327,498,381.6,0,0,0,498,381.6,0,0,0,None, None, None, None, None, None, None,152.9948,15459.7,12335.2,8288.5,3159.8,-1.3,None, None, None, None, None, None, None, None, None, None, None, None,
LPGONegMS2,H46 C24 O8 P1 ,1.9,LPGO-,18,2,LPGO- 18:2,LPGO- 18:2,493.2945,19241.5,5475.5,1883,630,1259.5,19241.5,5475.5,1883,630,1259.5,None, None, None, None, None, None, None,152.9949,38835.7,15167.9,29902.9,30101.9,0,None, None, None, None, None, None, None, None, None, None, None, None,
LPGONegMS2,H48 C24 O8 P1 ,4.6,LPGO-,18,1,LPGO- 18:1,LPGO- 18:1,495.3115,2165,0,0,0,0,2165,0,0,0,0,None, None, None, None, None, None, None,152.9949,1691342.7,1038590.4,734524.9,546712.1,939324.2,None, None, None, None, None, None, None, None, None, None, None, None,
LPGONegMS2,H50 C24 O8 P1 ,-0.7,LPGO-,18,0,LPGO- 18:0,LPGO- 18:0,497.3245,108.2,0,0,659.7,0,108.2,0,0,659.7,0,None, None, None, None, None, None, None,152.9949,-1.4,3509.3,-1.4,-1.4,-1.4,None, None, None, None, None, None, None, None, None, None, None, None,
LPGONegMS2,H42 C26 O8 P1 ,4.2,LPGO-,20,6,LPGO- 20:6,LPGO- 20:6,513.2645,8648.9,412.5,0,0,0,8648.9,412.5,0,0,0,None, None, None, None, None, None, None,152.995,23501.3,16472.8,19618.7,16487.7,2195.2,None, None, None, None, None, None, None, None, None, None, None, None,
LPGONegMS2,H46 C26 O8 P1 ,2.4,LPGO-,20,4,LPGO- 20:4,LPGO- 20:4,517.2948,861.2,0,0,0,0,861.2,0,0,0,0,None, None, None, None, None, None, None,152.9949,102391.1,52067.6,47252.6,36903.8,55756.8,None, None, None, None, None, None, None, None, None, None, None, None,
LPGONegMS2,H48 C26 O8 P1 ,2.5,LPGO-,20,3,LPGO- 20:3,LPGO- 20:3,519.3105,7465,10013.5,0,0,2648.6,7465,10013.5,0,0,2648.6,None, None, None, None, None, None, None,152.9949,38282.8,24935.4,17355,21222.5,1266.9,None, None, None, None, None, None, None, None, None, None, None, None,
LPGONegMS2,H50 C26 O8 P1 ,2.2,LPGO-,20,2,LPGO- 20:2,LPGO- 20:2,521.326,16300,39870.1,1089.7,763.2,9564.1,16300,39870.1,1089.7,763.2,9564.1,None, None, None, None, None, None, None,152.9949,-1.4,78789.3,89964.1,46740.7,54023.2,None, None, None, None, None, None, None, None, None, None, None, None,
LPGONegMS2,H52 C26 O8 P1 ,3.4,LPGO-,20,1,LPGO- 20:1,LPGO- 20:1,523.3423,1999.6,884.5,0,0,0,1999.6,884.5,0,0,0,None, None, None, None, None, None, None,152.995,-1.3,-1.3,4017.2,5286.6,-1.3,None, None, None, None, None, None, None, None, None, None, None, None,
LPGONegMS2,H48 C28 O8 P1 ,-2,LPGO-,22,5,LPGO- 22:5,LPGO- 22:5,543.3081,2933,633.3,0,0,0,2933,633.3,0,0,0,None, None, None, None, None, None, None,152.9949,26979.4,5148.1,-1.3,-1.3,7799,None, None, None, None, None, None, None, None, None, None, None, None,
LPGONegMS2,H54 C28 O8 P1 ,3,LPGO-,22,2,LPGO- 22:2,LPGO- 22:2,549.3578,5701.8,15873.4,509.4,817.2,2017.6,5701.8,15873.4,509.4,817.2,2017.6,None, None, None, None, None, None, None,152.9949,11630.7,7731.5,5916.1,5389.3,2559.3,None, None, None, None, None, None, None, None, None, None, None, None,
LPGONegMS2,H56 C28 O8 P1 ,5.7,LPGO-,22,1,LPGO- 22:1,LPGO- 22:1,551.375,4672.8,-1.4,0,0,0,4672.8,-1.4,0,0,0,None, None, None, None, None, None, None,152.995,20380.5,7067.9,10067,5165,15824.9,None, None, None, None, None, None, None, None, None, None, None, None,
LPGONegMS2,H52 C30 O8 P1 ,-4.2,LPGO-,24,5,LPGO- 24:5,LPGO- 24:5,571.3382,0,218.8,0,0,1786.6,0,218.8,0,0,1786.6,None, None, None, None, None, None, None,152.9949,-1.4,-1.4,-1.4,-1.4,30516.8,None, None, None, None, None, None, None, None, None, None, None, None,
,,,,,,,,,,,,,,,,,,,,,,,,,,,,,,,,,,,,,,,,,,,,
,,,,,,,,,,,,,,,,,,,,,,,,,,,,,,,,,,,,,,,,,,,,
###,LPGNegMS2,,,,,,,,,,,,,,,,,,,,,,,,,,,,,,,,,,,,,,,,,,,
LPGNegMS2,H36 C20 O9 P1 ,2.5,LPG,14,2,LPG 14:2,LPG 14:2,451.2114,34545.8,7265.6,1194.1,5280.2,4192.7,0,0,2869.7,0,0,14:02,223.1716,0,0,2869.7,0,0,152.9949,43277.4,39055.9,18098.9,11283.6,4188.4,None, None, None, None, None, None, None, None, None, None, None, None,
LPGNegMS2,H38 C20 O9 P1 ,2.5,LPG,14,1,LPG 14:1,LPG 14:1,453.227,12466.3,5620.1,943.1,5417,378,0,0,9522.8,4054,0,14:01,225.1858,0,0,9522.8,4054,0,152.995,22241.7,15402.3,7095.9,3848.1,0,None, None, None, None, None, None, None, None, None, None, None, None,
LPGNegMS2,H40 C20 O9 P1 ,1.6,LPG,14,0,LPG 14:0,LPG 14:0,455.2423,21511.5,-1.3,-1.3,-1.3,-1.3,10980.2,12417.2,40087.6,29878.8,4821,14:00,227.2013,10980.2,12417.2,40087.6,29878.8,4821,152.9949,39691.9,29483.5,36156.4,26226.6,0,None, None, None, None, None, None, None, None, None, None, None, None,
LPGNegMS2,H40 C22 O9 P1 ,0,LPG,16,2,LPG 16:2,LPG 16:2,479.2415,12053.9,0,469.8,516.3,0,0,0,2477.7,0,0,16:02,251.2016,0,0,2477.7,0,0,152.9949,8329.3,8268.2,21839,11435.9,1391.8,None, None, None, None, None, None, None, None, None, None, None, None,
LPGNegMS2,H42 C22 O9 P1 ,1.7,LPG,16,1,LPG 16:1,LPG 16:1,481.258,18414.7,414.3,0,0,321.4,15397.8,12490.5,115794.6,64058.6,0,16:01,253.2173,15397.8,12490.5,115794.6,64058.6,0,152.995,89177.7,112572.6,183676.5,136841.5,52662.5,None, None, None, None, None, None, None, None, None, None, None, None,
LPGNegMS2,H44 C22 O9 P1 ,2.2,LPG,16,0,LPG 16:0,LPG 16:0,483.2739,7977.6,2660.8,0,1391.6,415.1,182684.7,191427,597970.6,447717.2,149295.2,16:00,255.2329,182684.7,191427,597970.6,447717.2,149295.2,152.9949,43907.3,39247.2,33910.3,32702.8,16211.6,None, None, None, None, None, None, None, None, None, None, None, None,
LPGNegMS2,H42 C24 O9 P1 ,0.5,LPG,18,3,LPG 18:3,LPG 18:3,505.2574,5562.9,376.7,3251.8,17927.9,497.5,2880.4,2994.4,11215.2,10800.2,0,18:03,277.2173,2880.4,2994.4,11215.2,10800.2,0,152.995,37572.6,24259,34109.7,41090.1,3291.1,None, None, None, None, None, None, None, None, None, None, None, None,
LPGNegMS2,H44 C24 O9 P1 ,0.9,LPG,18,2,LPG 18:2,LPG 18:2,507.2733,28816.9,31889.6,9428.7,25371.4,0,86261.6,71978,228781.4,182779.7,0,18:02,279.233,86261.6,71978,228781.4,182779.7,0,152.9949,56266.4,54082.8,46458.2,32930.4,12347.1,None, None, None, None, None, None, None, None, None, None, None, None,
LPGNegMS2,H46 C24 O9 P1 ,-0.3,LPG,18,1,LPG 18:1,LPG 18:1,509.2883,22012,17427.6,460.8,4034.9,0,113127.1,86034.2,318181.6,244256.3,12259,18:01,281.2484,113127.1,86034.2,318181.6,244256.3,12259,152.995,-1.3,-1.3,-1.3,-1.3,-1.3,None, None, None, None, None, None, None, None, None, None, None, None,
LPGNegMS2,H48 C24 O9 P1 ,3.1,LPG,18,0,LPG 18:0,LPG 18:0,511.3057,279.2,975.3,0,0,0,144176.1,137589.4,347910.4,275663,135584.5,18:00,283.2642,144176.1,137589.4,347910.4,275663,135584.5,152.9949,-1.3,-1.3,-1.3,-1.3,-1.3,None, None, None, None, None, None, None, None, None, None, None, None,
LPGNegMS2,H44 C26 O9 P1 ,1.9,LPG,20,4,LPG 20:4,LPG 20:4,531.2739,13822.6,13309.1,0,761.5,0,27712.9,21157.1,29793.3,25926.5,0,20:04,303.2328,27712.9,21157.1,29793.3,25926.5,0,152.9949,-1.4,-1.4,-1.4,-1.4,-1.4,None, None, None, None, None, None, None, None, None, None, None, None,
LPGNegMS2,H46 C26 O9 P1 ,1.5,LPG,20,3,LPG 20:3,LPG 20:3,533.2893,1098.7,0,0,0,0,6056,3068.3,4084.8,4076,0,20:03,305.2478,6056,3068.3,4084.8,4076,0,152.9948,22885.3,16388,4756,-1.4,990.7,None, None, None, None, None, None, None, None, None, None, None, None,
LPGNegMS2,H48 C26 O9 P1 ,1.1,LPG,20,2,LPG 20:2,LPG 20:2,535.3047,1779.2,0,0,0,0,3737.1,3121.9,0,4042.4,0,20:02,307.2647,3737.1,3121.9,0,4042.4,0,152.9949,954262.8,1277852.5,1045114.8,842268.7,611996.9,None, None, None, None, None, None, None, None, None, None, None, None,
LPGNegMS2,H52 C26 O9 P1 ,3.7,LPG,20,0,LPG 20:0,LPG 20:0,539.3375,356.7,0,624.7,0,0,3460.1,3318.7,7671.7,4096,0,20:00,311.2959,3460.1,3318.7,7671.7,4096,0,152.9949,-1.3,-1.3,456,14218.8,-1.3,None, None, None, None, None, None, None, None, None, None, None, None,
LPGNegMS2,H44 C28 O9 P1 ,3.6,LPG,22,6,LPG 22:6,LPG 22:6,555.2748,2931.5,452,0,0,0,5002.2,2649.4,5692.5,4304,0,22:06,327.2322,5002.2,2649.4,5692.5,4304,0,152.9949,-1.4,-1.4,-1.4,-1.4,5625.5,None, None, None, None, None, None, None, None, None, None, None, None,
LPGNegMS2,H46 C28 O9 P1 ,4,LPG,22,5,LPG 22:5,LPG 22:5,557.2907,573.5,0,0,0,0,2999.1,2858.3,2366.3,0,0,22:05,329.2487,2999.1,2858.3,2366.3,0,0,152.9949,-1.4,-1.4,-1.4,-1.4,-1.4,None, None, None, None, None, None, None, None, None, None, None, None,
LPGNegMS2,H48 C28 O9 P1 ,5.3,LPG,22,4,LPG 22:4,LPG 22:4,559.3071,917.4,0,582.2,0,0,2819,0,0,0,0,22:04,331.2646,2819,0,0,0,0,152.995,-1.4,-1.4,-1.4,-1.4,1608.1,None, None, None, None, None, None, None, None, None, None, None, None,
LPGNegMS2,H54 C28 O9 P1 ,-3.1,LPG,22,1,LPG 22:1,LPG 22:1,565.3494,0,0,1305.8,0,0,2529.1,0,0,0,0,22:01,337.3111,2529.1,0,0,0,0,152.9949,33751.4,23616.2,12267.1,8931,5711.4,None, None, None, None, None, None, None, None, None, None, None, None,
LPGNegMS2,H56 C28 O9 P1 ,3.7,LPG,22,0,LPG 22:0,LPG 22:0,567.3689,1011.4,1134.8,0,0,0,0,0,0,2613.5,0,22:00,339.3285,0,0,0,2613.5,0,152.995,933.8,-1.4,-1.4,-1.4,-1.4,None, None, None, None, None, None, None, None, None, None, None, None,
,,,,,,,,,,,,,,,,,,,,,,,,,,,,,,,,,,,,,,,,,,,,
,,,,,,,,,,,,,,,,,,,,,,,,,,,,,,,,,,,,,,,,,,,,
###,LPIONegMS2,,,,,,,,,,,,,,,,,,,,,,,,,,,,,,,,,,,,,,,,,,,
LPIONegMS2,H46 C23 O11 P1 ,-2.3,LPIO-,14,0,LPIO- 14:0,LPIO- 14:0,529.2771,-1.3,-1.3,0,-1.3,0,-1.3,-1.3,0,-1.3,0,None, None, None, None, None, None, None,152.9949,1335361.5,1032631.9,706979.2,510605.8,808015.6,241.0117,787288.5,629611.9,430992,322580.9,481646.3,None, None, None, None, None, None,
LPIONegMS2,H44 C25 O11 P1 ,5.2,LPIO-,16,3,LPIO- 16:3,LPIO- 16:3,551.2655,3202.4,0,0,0,0,3202.4,0,0,0,0,None, None, None, None, None, None, None,152.995,20380.5,7067.9,10067,5165,15824.9,241.0117,5833.8,4319.4,2467.6,2840.9,4420.8,None, None, None, None, None, None,
LPIONegMS2,H54 C27 O11 P1 ,0.2,LPIO-,18,0,LPIO- 18:0,LPIO- 18:0,585.341,-1.4,-1.4,0,0,0,-1.4,-1.4,0,0,0,None, None, None, None, None, None, None,152.9949,409812.6,260476.2,186577.6,159614.3,185044.3,241.0117,1008916.2,725240.3,558956.1,422083,474165.7,None, None, None, None, None, None,
LPIONegMS2,H58 C29 O11 P1 ,-1.4,LPIO-,20,0,LPIO- 20:0,LPIO- 20:0,613.3714,3662.8,585.8,0,0,0,3662.8,585.8,0,0,0,None, None, None, None, None, None, None,152.9951,27985.5,26891.9,15748.1,12329.3,1511.5,241.0129,0,0,2438.2,0,0,None, None, None, None, None, None,
LPIONegMS2,H58 C33 O11 P1 ,0.3,LPIO-,24,4,LPIO- 24:4,LPIO- 24:4,661.3724,1488.6,1186.3,0,0,0,1488.6,1186.3,0,0,0,None, None, None, None, None, None, None,152.9951,41388.1,36231.7,17580.7,10486.6,3345.9,241.0112,4496.7,0,0,0,0,None, None, None, None, None, None,
,,,,,,,,,,,,,,,,,,,,,,,,,,,,,,,,,,,,,,,,,,,,
,,,,,,,,,,,,,,,,,,,,,,,,,,,,,,,,,,,,,,,,,,,,
###,LPINegMS2,,,,,,,,,,,,,,,,,,,,,,,,,,,,,,,,,,,,,,,,,,,
LPINegMS2,H48 C25 O12 P1 ,2.2,LPI,16,0,LPI 16:0,LPI 16:0,571.2902,35923.8,17986.1,0,0,599.6,513265.4,545053.4,679467.9,586502,62335.7,16:00,255.2329,513265.4,545053.4,679467.9,586502,62335.7,152.9949,-1.4,-1.4,-1.4,-1.4,30516.8,241.0118,7377.1,3612.8,0,0,0,None, None, None, None, None, None,
LPINegMS2,H48 C27 O12 P1 ,1,LPI,18,2,LPI 18:2,LPI 18:2,595.2895,4349.6,2824.6,1600.2,22231,0,3275,968.1,-1.4,-1.4,0,18:02,279.2329,3275,968.1,-1.4,-1.4,0,152.9949,-1.4,-1.4,-1.4,-1.4,1234.2,241.0115,4322.4,3081.5,0,3088.8,0,None, None, None, None, None, None,
LPINegMS2,H50 C27 O12 P1 ,1.6,LPI,18,1,LPI 18:1,LPI 18:1,597.3055,85302.7,119494.8,101873.3,80267.2,143419.6,69529.8,47436.2,17010.3,1898.4,38875.8,18:01,281.2485,69529.8,47436.2,17010.3,1898.4,38875.8,152.9949,75471.5,42723.6,1429.5,-1.4,34404.4,241.0117,23990.7,17799.7,10566.8,9008.1,12175.2,None, None, None, None, None, None,
LPINegMS2,H52 C27 O12 P1 ,-0.8,LPI,18,0,LPI 18:0,LPI 18:0,599.3197,38031.2,46975,2643.4,8070.4,-1.4,30336,-1.4,-1.4,-1.4,35183,18:00,283.2643,30336,-1.4,-1.4,-1.4,35183,152.9949,-1.4,-1.4,-1.4,-1.4,2764,241.0116,30054.7,14400.1,5981.8,5615.7,0,None, None, None, None, None, None,
LPINegMS2,H48 C29 O12 P1 ,2,LPI,20,4,LPI 20:4,LPI 20:4,619.2901,139993.8,241853.1,615736.6,963208.5,0,96779,88816.4,200452.2,214424.4,0,20:04,303.233,96779,88816.4,200452.2,214424.4,0,152.995,282803.9,292168.3,795926.2,702407,16747.2,241.0116,45394.9,33186.1,60754.7,75600.6,0,None, None, None, None, None, None,
LPINegMS2,H50 C29 O12 P1 ,1.9,LPI,20,3,LPI 20:3,LPI 20:3,621.3057,521.8,0,0,12925.6,0,11121.4,8298.6,28600.9,30260.7,0,20:03,305.2476,11121.4,8298.6,28600.9,30260.7,0,152.995,59452.8,40028.5,36480.6,38382.9,1841.7,241.0111,-1.4,537.6,-1.4,-1.4,0,None, None, None, None, None, None,
LPINegMS2,H56 C29 O12 P1 ,-1.4,LPI,20,0,LPI 20:0,LPI 20:0,627.3506,11386.9,1230.8,129446.4,408797.2,0,0,3831.7,0,0,0,20:00,311.2939,0,3831.7,0,0,0,152.995,28546.4,37929.9,25046.6,24483.4,14917.6,241.0111,0,3563.7,0,0,3469.7,None, None, None, None, None, None,
LPINegMS2,H48 C31 O12 P1 ,-1.7,LPI,22,6,LPI 22:6,LPI 22:6,643.2878,11359.4,2901.1,0,734.5,0,3386.7,3881,11020.6,9084.9,0,22:06,327.2325,3386.7,3881,11020.6,9084.9,0,152.9949,86395.2,88658.3,206460.7,177559.3,17230.4,241.0117,38454.5,33725.2,29746.2,24419.8,32370.4,None, None, None, None, None, None,
LPINegMS2,H50 C31 O12 P1 ,3.6,LPI,22,5,LPI 22:5,LPI 22:5,645.3069,-1.5,0,728.1,0,0,0,0,0,4609.3,0,22:05,329.2484,0,0,0,4609.3,0,152.9949,66205,59485.1,37990,28048.4,47836,241.0115,12424.9,11567.4,13499.3,10644.8,14304.8,None, None, None, None, None, None,
,,,,,,,,,,,,,,,,,,,,,,,,,,,,,,,,,,,,,,,,,,,,
,,,,,,,,,,,,,,,,,,,,,,,,,,,,,,,,,,,,,,,,,,,,
###,LPSONegMS2,,,,,,,,,,,,,,,,,,,,,,,,,,,,,,,,,,,,,,,,,,,
LPSONegMS2,H43 C24 N1 O8 P1 ,0.2,LPSO-,18,2,LPSO- 18:3,LPSO- 18:3,504.2733,16125.8,20258,1454.9,1186.2,348.1,16125.8,20258,1454.9,1186.2,348.1,None, None, None, None, None, None, None,152.9948,-1.3,-1.3,-1.3,-1.3,-1.3,None, None, None, None, None, None,87.0303,3055.5,2968.9,0,0,0,
LPSONegMS2,H45 C24 N1 O8 P1 ,2.9,LPSO-,18,1,LPSO- 18:2,LPSO- 18:2,506.2903,101141.4,139473.5,0,0,412.4,101141.4,139473.5,0,0,412.4,None, None, None, None, None, None, None,152.9949,1448.5,2127.4,-1.3,-1.3,-1.3,None, None, None, None, None, None,87.0336,4367.5,2520.1,0,0,0,
LPSONegMS2,H41 C26 N1 O8 P1 ,2.9,LPSO-,20,5,LPSO- 20:6,LPSO- 20:6,526.2591,863.5,4321.5,0,649.1,568.2,863.5,4321.5,0,649.1,568.2,None, None, None, None, None, None, None,152.9949,39667.9,17952,4252.7,1904.7,2326.7,None, None, None, None, None, None,87.0351,708.2,-1.4,0,0,0,
,,,,,,,,,,,,,,,,,,,,,,,,,,,,,,,,,,,,,,,,,,,,
,,,,,,,,,,,,,,,,,,,,,,,,,,,,,,,,,,,,,,,,,,,,
###,LPSNegMS2,,,,,,,,,,,,,,,,,,,,,,,,,,,,,,,,,,,,,,,,,,,
LPSNegMS2,H43 C24 N1 O9 P1 ,-0.5,LPS,18,2,LPS 18:2,LPS 18:2,520.2678,18933.9,31295,-1.3,-1.3,-1.3,-1.3,-1.3,1299.6,180.6,0,18:02,279.2327,-1.3,-1.3,1299.6,180.6,0,,80755.4,61156.5,5182.3,653.4,6369.5,None, None, None, None, None, None,87.0318,27686.4,17531.8,0,0,0,
LPSNegMS2,H45 C24 N1 O9 P1 ,0.6,LPS,18,1,LPS 18:1,LPS 18:1,522.2841,55152.1,71492.2,0,559.9,0,9015.1,8362.2,2094.2,1771.8,0,18:01,281.2487,9015.1,8362.2,2094.2,1771.8,0,,188682.3,84028.9,-1.4,-1.4,-1.4,None, None, None, None, None, None,87.0313,57543,40775.8,0,0,0,
LPSNegMS2,H47 C24 N1 O9 P1 ,1.1,LPS,18,0,LPS 18:0,LPS 18:0,524.3,50029.6,81698.4,0,0,0,0,0,0,0,2439.3,18:00,283.2639,0,0,0,0,2439.3,,216021.9,153579,22652,16997.5,4102.8,None, None, None, None, None, None,87.0287,57488.7,41870.6,0,0,0,
LPSNegMS2,H43 C26 N1 O9 P1 ,0.9,LPS,20,4,LPS 20:4,LPS 20:4,544.2686,213918.1,354260.8,14038.6,18685.3,0,5226.9,5089,-1.4,-1.4,0,20:04,303.2332,5226.9,5089,-1.4,-1.4,0,,696230.5,539616,47493.5,42197.3,23369.3,None, None, None, None, None, None,87.0317,170599.8,125970.4,4258.7,4624.3,0,
