QNAME,ERROR,CHEMSC,CLASS,LENGTH,DB,OH,NAME,SPECIE,MASS,PREC:mE504_POS_01.raw,PREC:mE504_POS_02.raw,PREC:mE504_POS_03.raw,PREC:mE504_POS_04.raw,PREC:mE504_POS_05.raw,SUMFA:mE504_POS_01.raw,SUMFA:mE504_POS_02.raw,SUMFA:mE504_POS_03.raw,SUMFA:mE504_POS_04.raw,SUMFA:mE504_POS_05.raw,MASSFRAG1,FRAG1:mE504_POS_01.raw,FRAG1:mE504_POS_02.raw,FRAG1:mE504_POS_03.raw,FRAG1:mE504_POS_04.raw,FRAG1:mE504_POS_05.raw,MASSFRAG2,FRAG2:mE504_POS_01.raw,FRAG2:mE504_POS_02.raw,FRAG2:mE504_POS_03.raw,FRAG2:mE504_POS_04.raw,FRAG2:mE504_POS_05.raw,FA1,MASSFA1,FA1INTENS:mE504_POS_01.raw,FA1INTENS:mE504_POS_02.raw,FA1INTENS:mE504_POS_03.raw,FA1INTENS:mE504_POS_04.raw,FA1INTENS:mE504_POS_05.raw,FA2,MASSFA2,FA2INTENS:mE504_POS_01.raw,FA2INTENS:mE504_POS_02.raw,FA2INTENS:mE504_POS_03.raw,FA2INTENS:mE504_POS_04.raw,FA2INTENS:mE504_POS_05.raw,POS
POS,,,,,,,,,,,,,,,,,,,,,,,,,,,,,,,,,,,,,,,,,,,,,,
###,ISCerPosMS2,,,,,,,,,,,,,,,,,,,,,,,,,,,,,,,,,,,,,,,,,,,,,
ISCerPosMS2,0.08ppm,H60 C30 O3 N1 ,Cer,30,1,2,isCer 30:1;2,,482.4568,7961386.4,8200763.6,8785153.5,6672897.4,14599050.3,5537378.5,5123434.6,5109927,3830112.6,11363909.2,264.2686,4925712.5,4535987.8,4523709,3406187.9,10114731.6,282.2791,611666.1,587446.8,586218,423924.7,1249177.6,None, None, None, None, None, None, None, None, None, None, None, None, None, None,
,,,,,,,,,,,,,,,,,,,,,,,,,,,,,,,,,,,,,,,,,,,,,,
,,,,,,,,,,,,,,,,,,,,,,,,,,,,,,,,,,,,,,,,,,,,,,
###,ISDAGPosMS2,,,,,,,,,,,,,,,,,,,,,,,,,,,,,,,,,,,,,,,,,,,,,
ISDAGPosMS2,0.22ppm,H56 C27 O5 N1 ,DAG,24,0,None, isDAG 24:0,isDAG 12:0/12:0,474.4154,3775226.2,3535933.3,3256858.6,2362309.8,5824520,1886804.8,1640209.6,1369033,987731.7,3087979.3,None, None, None, None, None, None, None, None, None, None, None, None, 12:0,217.2043,1886804.8,1640209.6,1369033,987731.7,3087979.3,12:00,217.2043,1886804.8,1640209.6,1369033,987731.7,3087979.3,
,,,,,,,,,,,,,,,,,,,,,,,,,,,,,,,,,,,,,,,,,,,,,,
,,,,,,,,,,,,,,,,,,,,,,,,,,,,,,,,,,,,,,,,,,,,,,
###,ISLPCPosMS2,,,,,,,,,,,,,,,,,,,,,,,,,,,,,,,,,,,,,,,,,,,,,
ISLPCPosMS2,-0.27ppm,H39 C18 P1 O7 N1 ,LPC,10,0,None, isLPC 10:0,Keine,412.2458,14528242,10988753.8,16269637.8,12178823.7,26920037.5,4012457.9,2493400.1,3424815.5,2622067.8,7229238.4,184.0734,4012457.9,2493400.1,3424815.5,2622067.8,7229238.4,None, None, None, None, None, None, None, None, None, None, None, None, None, None, None, None, None, None, None, None,
,,,,,,,,,,,,,,,,,,,,,,,,,,,,,,,,,,,,,,,,,,,,,,
,,,,,,,,,,,,,,,,,,,,,,,,,,,,,,,,,,,,,,,,,,,,,,
###,ISLPCPosMS2O,,,,,,,,,,,,,,,,,,,,,,,,,,,,,,,,,,,,,,,,,,,,,
ISLPCPosMS2O,-0.27ppm,H39 C18 P1 O7 N1 ,LPC,10,0,None, isLPCO- 10:0,Keine,412.2458,14528242,10988753.8,16269637.8,12178823.7,26920037.5,4012457.9,2493400.1,3424815.5,2622067.8,7229238.4,184.0734,4012457.9,2493400.1,3424815.5,2622067.8,7229238.4,None, None, None, None, None, None, None, None, None, None, None, None, None, None, None, None, None, None, None, None,
,,,,,,,,,,,,,,,,,,,,,,,,,,,,,,,,,,,,,,,,,,,,,,
,,,,,,,,,,,,,,,,,,,,,,,,,,,,,,,,,,,,,,,,,,,,,,
###,Cer2OHPosMS1MS2,,,,,,,,,,,,,,,,,,,,,,,,,,,,,,,,,,,,,,,,,,,,,
Cer2OHPosMS1MS2,-1.26ppm,H64 C32 O3 N1 ,Cer,32,1,2,Cer 32:1;2,Cer 18:1/14:0,510.4874,1932.3,0,0,0,2228.5,11241.7,7989.2,0,3550.7,6235.5,264.2676,3412.9,5538.2,0,3550.7,0,282.2789,7828.8,2451,0,0,6235.5,None, None, None, None, None, None, None, None, None, None, None, None, None, None,
Cer2OHPosMS1MS2,-0.17ppm,H66 C34 O3 N1 ,Cer,34,2,2,Cer 34:2;2,Cer 18:2/16:0,536.5036,5526.3,10542.8,0,0,3460.5,7062.1,4307.6,0,0,2582.3,262.2527,3808.7,4307.6,0,0,0,280.2625,3253.4,0,0,0,2582.3,None, None, None, None, None, None, None, None, None, None, None, None, None, None,
Cer2OHPosMS1MS2,-0.17ppm,H66 C34 O3 N1 ,Cer,34,2,2,Cer 34:2;2,Cer 18:1/16:1,536.5036,5526.3,10542.8,0,0,3460.5,47617,40107.4,4636.5,10435,11699.1,264.2687,41521.2,36401.8,4636.5,10435,11699.1,282.2792,6095.8,3705.6,0,0,0,None, None, None, None, None, None, None, None, None, None, None, None, None, None,
Cer2OHPosMS1MS2,-0.20ppm,H68 C34 O3 N1 ,Cer,34,1,2,Cer 34:1;2,Cer 18:1/16:0,538.5193,503326.1,620913.7,3995.2,38399,2053.4,395056.3,352672.7,90799.9,98730.8,97438.8,264.2685,308579.6,290395.8,61749.6,72270.6,40872.4,282.277,86476.7,62276.9,29050.3,26460.3,56566.4,None, None, None, None, None, None, None, None, None, None, None, None, None, None,
Cer2OHPosMS1MS2,-0.00ppm,H70 C34 O3 N1 ,Cer,34,0,2,Cer 34:0;2,Cer 18:0/16:0,540.535,12044.9,21384,0,4429.4,6240.6,15186.7,12068.2,0,2427.8,2552.5,266.2816,-1.4,-1.4,0,0,0,284.2945,15188.1,12069.7,0,2427.8,2552.5,None, None, None, None, None, None, None, None, None, None, None, None, None, None,
Cer2OHPosMS1MS2,-0.14ppm,H68 C36 O3 N1 ,Cer,36,3,2,Cer 36:3;2,Cer 18:1/18:2,562.5193,254435.3,0,0,0,0,1256171.7,1455942.4,2414517.2,1676804,2595373.5,264.2686,1251627.9,1447247.5,2414517.2,1669410.4,2591817.4,282.2802,4543.8,8694.9,0,7393.6,3556.1,None, None, None, None, None, None, None, None, None, None, None, None, None, None,
Cer2OHPosMS1MS2,0.02ppm,H72 C36 O3 N1 ,Cer,36,1,2,Cer 36:1;2,Cer 18:1/18:0,566.5507,172523.1,209492.3,9472.5,3164.8,13317.8,213439.1,162874,64641.1,39000.7,59446.6,264.2686,144146.5,119295,42470.8,21268.9,1763.8,282.278,69292.6,43579,22170.3,17731.9,57682.9,None, None, None, None, None, None, None, None, None, None, None, None, None, None,
Cer2OHPosMS1MS2,0.15ppm,H74 C36 O3 N1 ,Cer,36,0,2,Cer 36:0;2,Cer 18:0/18:0,568.5664,111534.5,152288.6,0,0,0,42325.3,43245.1,0,0,0,266.2842,309.2,3765.8,0,0,0,284.2948,42016,39479.3,0,0,0,None, None, None, None, None, None, None, None, None, None, None, None, None, None,
Cer2OHPosMS1MS2,-0.05ppm,H76 C38 O3 N1 ,Cer,38,1,2,Cer 38:1;2,Cer 18:1/20:0,594.5819,51506.6,91577.7,0,0,0,104838.2,118166,25175.8,19664.2,15193.9,264.2685,89557.8,102887.2,20846.3,19664.2,12547.2,282.2795,15280.3,15278.7,4329.6,0,2646.7,None, None, None, None, None, None, None, None, None, None, None, None, None, None,
Cer2OHPosMS1MS2,0.73ppm,H78 C38 O3 N1 ,Cer,38,0,2,Cer 38:0;2,Cer 18:0/20:0,596.5981,1344,664.7,0,0,1801.4,8270.9,9732.9,0,0,0,266.2831,-1.5,-1.5,0,0,0,284.2944,8272.4,9734.4,0,0,0,None, None, None, None, None, None, None, None, None, None, None, None, None, None,
Cer2OHPosMS1MS2,-0.87ppm,H78 C40 O3 N1 ,Cer,40,2,2,Cer 40:2;2,Cer 18:2/22:0,620.5971,15546.9,35445.9,0,0,3229.1,43979.9,39134.5,3424.6,3553.9,0,262.253,38971.8,34550.2,3424.6,3553.9,0,280.2636,5008.1,4584.3,0,0,0,None, None, None, None, None, None, None, None, None, None, None, None, None, None,
Cer2OHPosMS1MS2,-0.87ppm,H78 C40 O3 N1 ,Cer,40,2,2,Cer 40:2;2,Cer 18:1/22:1,620.5971,15546.9,35445.9,0,0,3229.1,62059.2,54607,17401.7,11096.4,0,264.2687,57839.8,48152.7,13371.2,11096.4,0,282.2794,4219.4,6454.4,4030.5,0,0,None, None, None, None, None, None, None, None, None, None, None, None, None, None,
Cer2OHPosMS1MS2,0.18ppm,H80 C40 O3 N1 ,Cer,40,1,2,Cer 40:1;2,Cer 18:1/22:0,622.6134,689890.6,832711.6,19788.7,21784.2,0,520065,571471.1,90509.4,105246.7,11050,264.2687,453388.4,501810.1,81984,91108.4,7742.3,282.2788,66676.6,69661,8525.4,14138.4,3307.7,None, None, None, None, None, None, None, None, None, None, None, None, None, None,
Cer2OHPosMS1MS2,0.49ppm,H82 C40 O3 N1 ,Cer,40,0,2,Cer 40:0;2,Cer 18:0/22:0,624.6292,25192.5,108188.1,0,0,7344.9,33831.4,32014.3,0,4888.6,0,266.2817,-1.6,-1.6,0,0,0,284.2946,33833,32015.9,0,4888.6,0,None, None, None, None, None, None, None, None, None, None, None, None, None, None,
Cer2OHPosMS1MS2,-0.27ppm,H80 C42 O3 N1 ,Cer,42,3,2,Cer 42:3;2,Cer 18:2/24:1,646.6131,200153.3,272176.4,0,0,0,99417.4,70789,11681.9,5977.6,0,262.2527,87898.6,65622,11681.9,5977.6,0,280.264,11518.8,5167.1,0,0,0,None, None, None, None, None, None, None, None, None, None, None, None, None, None,
Cer2OHPosMS1MS2,-0.27ppm,H80 C42 O3 N1 ,Cer,42,3,2,Cer 42:3;2,Cer 18:1/24:2,646.6131,200153.3,272176.4,0,0,0,471924.2,382704.4,322682.4,224050,551904.2,264.2686,424006,346231.6,294786.4,204388.7,505448.2,282.279,47918.2,36472.8,27896,19661.3,46456.1,None, None, None, None, None, None, None, None, None, None, None, None, None, None,
Cer2OHPosMS1MS2,0.35ppm,H82 C42 O3 N1 ,Cer,42,2,2,Cer 42:2;2,Cer 18:1/24:1,648.6291,1496103.5,1547675.6,357201.7,350770,62567.8,915493.9,974296.6,335958,328908,-1.6,264.2685,815105.4,850314.6,297342.8,287277.7,-1.6,282.2791,100388.5,123982,38615.2,41630.3,0,None, None, None, None, None, None, None, None, None, None, None, None, None, None,
Cer2OHPosMS1MS2,0.35ppm,H82 C42 O3 N1 ,Cer,42,2,2,Cer 42:2;2,Cer 18:2/24:0,648.6291,1496103.5,1547675.6,357201.7,350770,62567.8,194146.7,184001.4,0,21595.6,0,262.2532,172827.2,158069.6,0,7676.9,0,280.2632,21319.5,25931.8,0,13918.7,0,None, None, None, None, None, None, None, None, None, None, None, None, None, None,
Cer2OHPosMS1MS2,0.27ppm,H84 C42 O3 N1 ,Cer,42,1,2,Cer 42:1;2,Cer 18:0/24:1,650.6447,1325497.1,1610893.7,113043.2,112754.1,0,49015.3,46995.6,0,0,0,266.2824,-1.6,-1.6,0,0,0,284.2948,49016.9,46997.2,0,0,0,None, None, None, None, None, None, None, None, None, None, None, None, None, None,
Cer2OHPosMS1MS2,0.27ppm,H84 C42 O3 N1 ,Cer,42,1,2,Cer 42:1;2,Cer 18:1/24:0,650.6447,1325497.1,1610893.7,113043.2,112754.1,0,1048529.4,958540.4,234639.5,207335.6,28071.1,264.2687,915711.2,834739.9,203033.2,179947.5,15123.7,282.2791,132818.2,123800.5,31606.3,27388.1,12947.4,None, None, None, None, None, None, None, None, None, None, None, None, None, None,
Cer2OHPosMS1MS2,0.35ppm,H86 C42 O3 N1 ,Cer,42,0,2,Cer 42:0;2,Cer 18:0/24:0,652.6605,170194.9,294284.1,0,0,9900.2,63432.5,72657.1,2991.1,3377.5,3496.7,266.2817,222.2,1664,0,-1.6,0,284.2945,63210.3,70993.1,2991.1,3379.1,3496.7,None, None, None, None, None, None, None, None, None, None, None, None, None, None,
Cer2OHPosMS1MS2,-1.95ppm,H84 C44 O3 N1 ,Cer,44,3,2,Cer 44:3;2,Cer 18:2/26:1,674.6433,0,8204.3,0,0,0,10227.3,8914.6,0,0,0,262.2529,10227.3,5332.8,0,0,0,280.264,0,3581.8,0,0,0,None, None, None, None, None, None, None, None, None, None, None, None, None, None,
Cer2OHPosMS1MS2,2.51ppm,H86 C44 O3 N1 ,Cer,44,2,2,Cer 44:2;2,Cer 18:1/26:1,676.6619,6719.6,12307.7,0,4069.6,25333,46019.2,43377.3,10761.4,10558.6,12958.6,264.269,31915.9,27648.2,6127.5,5826.4,5180.5,282.2791,14103.3,15729.2,4633.9,4732.2,7778.1,None, None, None, None, None, None, None, None, None, None, None, None, None, None,
Cer2OHPosMS1MS2,2.51ppm,H86 C44 O3 N1 ,Cer,44,2,2,Cer 44:2;2,Cer 18:2/26:0,676.6619,6719.6,12307.7,0,4069.6,25333,23115.8,19328.5,4131.4,10899.6,6561,262.2543,18715.6,12919.7,0,4936.1,0,280.2644,4400.2,6408.8,4131.4,5963.5,6561,None, None, None, None, None, None, None, None, None, None, None, None, None, None,
Cer2OHPosMS1MS2,-0.43ppm,H88 C44 O3 N1 ,Cer,44,1,2,Cer 44:1;2,Cer 18:1/26:0,678.6756,36014.5,48006.3,0,0,0,149930.9,150858.7,22322.2,22878.9,12458.3,264.2691,134039.3,129045,19276.6,22878.9,12458.3,282.2798,15891.7,21813.7,3045.6,0,0,None, None, None, None, None, None, None, None, None, None, None, None, None, None,
Cer2OHPosMS1MS2,-0.43ppm,H88 C44 O3 N1 ,Cer,44,1,2,Cer 44:1;2,Cer 20:1/24:0,678.6756,36014.5,48006.3,0,0,0,0,4334,9859.3,5060.2,0,292.301,0,4334,3609.4,5060.2,0,310.3097,0,0,6249.8,0,0,None, None, None, None, None, None, None, None, None, None, None, None, None, None,
Cer2OHPosMS1MS2,-1.88ppm,H92 C46 O3 N1 ,Cer,46,1,2,Cer 46:1;2,Cer 18:1/28:0,706.7058,0,0,0,0,10298.9,169773.5,121811.6,177261.6,123582.2,413558.9,264.2685,159457.7,109717.5,168357.2,115743.4,388409.8,282.2787,10315.8,12094,8904.4,7838.8,25149.2,None, None, None, None, None, None, None, None, None, None, None, None, None, None,
,,,,,,,,,,,,,,,,,,,,,,,,,,,,,,,,,,,,,,,,,,,,,,
,,,,,,,,,,,,,,,,,,,,,,,,,,,,,,,,,,,,,,,,,,,,,,
###,DAGPosMS1MS2,,,,,,,,,,,,,,,,,,,,,,,,,,,,,,,,,,,,,,,,,,,,,
DAGPosMS1MS2,0.16ppm,H64 C31 O5 N1 ,DAG,28,0,None, DAG 28:0,DAG 14:0-14:0,530.478,19198.5,13724.1,0,7696.5,196949.6,0,3243.5,0,2368.9,4672.8,None, None, None, None, None, None, None, None, None, None, None, None, 14:0,245.2355,0,3243.5,0,2368.9,4672.8,14:00,245.2355,0,3243.5,0,2368.9,4672.8,
DAGPosMS1MS2,-0.26ppm,H66 C33 O5 N1 ,DAG,30,1,None, DAG 30:1,DAG 14:0-16:1,556.4934,2257.4,6235.9,0,0,14532.8,4280.9,0,3040.6,2577.8,3011.4,None, None, None, None, None, None, None, None, None, None, None, None, 14:0,245.2326,4280.9,0,0,0,3011.4,16:01,271.2528,0,0,3040.6,2577.8,0,
DAGPosMS1MS2,0.44ppm,H68 C33 O5 N1 ,DAG,30,0,None, DAG 30:0,DAG 16:0-14:0,558.5094,154209.9,96970.9,17900.2,23934.8,228626.6,25474.6,35095.2,15448.5,24643.6,40745.6,None, None, None, None, None, None, None, None, None, None, None, None, 16:0,273.2668,12689.9,18102.3,6551.2,12614.7,19432.1,14:00,245.236,12784.7,16992.9,8897.2,12028.9,21313.5,
DAGPosMS1MS2,-1.24ppm,H68 C35 O5 N1 ,DAG,32,2,None, DAG 32:2,DAG 16:1-16:1,582.5085,0,1937.4,0,0,5296.3,3022.9,2806.8,4646.9,8235.6,3760.2,None, None, None, None, None, None, None, None, None, None, None, None, 16:1,271.2494,3022.9,2806.8,4646.9,8235.6,3760.2,16:01,271.2494,3022.9,2806.8,4646.9,8235.6,3760.2,
DAGPosMS1MS2,-1.24ppm,H68 C35 O5 N1 ,DAG,32,2,None, DAG 32:2,DAG 14:0-18:2,582.5085,0,1937.4,0,0,5296.3,0,4685.3,0,0,0,None, None, None, None, None, None, None, None, None, None, None, None, 14:0,245.2351,0,2507.9,0,0,0,18:02,297.2669,0,2177.4,0,0,0,
DAGPosMS1MS2,0.22ppm,H70 C35 O5 N1 ,DAG,32,1,None, DAG 32:1,DAG 16:0-16:1,584.525,12126.5,59831.5,3510.4,4067.4,46856.6,26017.7,26890.4,19605.1,27570.6,18019.6,None, None, None, None, None, None, None, None, None, None, None, None, 16:0,273.266,10501.9,11193.2,6406.5,9702,5089.2,16:01,271.2513,15515.8,15697.2,13198.6,17868.6,12930.4,
DAGPosMS1MS2,0.22ppm,H70 C35 O5 N1 ,DAG,32,1,None, DAG 32:1,DAG 14:0-18:1,584.525,12126.5,59831.5,3510.4,4067.4,46856.6,8161.1,3664,7462.7,8398,3341.2,None, None, None, None, None, None, None, None, None, None, None, None, 14:0,245.2359,4350.7,0,3728.1,3593.3,3341.2,18:01,299.2826,3810.3,3664,3734.6,4804.7,0,
DAGPosMS1MS2,0.06ppm,H72 C35 O5 N1 ,DAG,32,0,None, DAG 32:0,DAG 14:0-18:0,586.5405,536420.3,746702.4,509030.3,462175.5,845223.2,7223.7,22323,6532.6,0,10440.5,None, None, None, None, None, None, None, None, None, None, None, None, 14:0,245.2348,3050.1,12476.7,3229.8,0,4403.6,18:00,301.2982,4173.6,9846.3,3302.7,0,6037,
DAGPosMS1MS2,0.06ppm,H72 C35 O5 N1 ,DAG,32,0,None, DAG 32:0,DAG 16:0-16:0,586.5405,536420.3,746702.4,509030.3,462175.5,845223.2,151123.3,233671.5,149795.8,127941.5,219974.5,None, None, None, None, None, None, None, None, None, None, None, None, 16:0,273.267,151123.3,233671.5,149795.8,127941.5,219974.5,16:00,273.267,151123.3,233671.5,149795.8,127941.5,219974.5,
DAGPosMS1MS2,-0.42ppm,H70 C37 O5 N1 ,DAG,34,3,None, DAG 34:3,DAG 18:2-16:1,608.5246,5135.8,4294.5,18525,21351.7,0,30068.9,24002.8,66970,43961.8,0,None, None, None, None, None, None, None, None, None, None, None, None, 18:2,297.2661,14743.9,12018.8,31824.7,19780,0,16:01,271.251,15325,11984,35145.3,24181.8,0,
DAGPosMS1MS2,-0.42ppm,H70 C37 O5 N1 ,DAG,34,3,None, DAG 34:3,DAG 16:0-18:3,608.5246,5135.8,4294.5,18525,21351.7,0,4847.5,7754.6,3371.9,9065.4,0,None, None, None, None, None, None, None, None, None, None, None, None, 16:0,273.2659,0,3431.6,0,4333.7,0,18:03,295.2505,4847.5,4323.1,3371.9,4731.7,0,
DAGPosMS1MS2,0.27ppm,H72 C37 O5 N1 ,DAG,34,2,None, DAG 34:2,DAG 18:1-16:1,610.5407,297763.2,429349.6,557578.7,603805.6,298950.4,38687.1,33265.7,67979.2,66043.4,10930.6,None, None, None, None, None, None, None, None, None, None, None, None, 18:1,299.2822,14936.5,16755,32224.7,31818.6,3302.5,16:01,271.2509,23750.6,16510.7,35754.5,34224.8,7628.1,
DAGPosMS1MS2,0.27ppm,H72 C37 O5 N1 ,DAG,34,2,None, DAG 34:2,DAG 18:2-16:0,610.5407,297763.2,429349.6,557578.7,603805.6,298950.4,180366.2,173930,208455.5,258007.7,98827.1,None, None, None, None, None, None, None, None, None, None, None, None, 18:2,297.267,101610.8,96702.2,114077.8,142851.7,56119.6,16:00,273.2671,78755.5,77227.8,94377.7,115155.9,42707.5,
DAGPosMS1MS2,0.26ppm,H74 C37 O5 N1 ,DAG,34,1,None, DAG 34:1,DAG 18:0-16:1,612.5563,595957,912012,434357.9,533728.2,395598.5,1460.9,3037.8,4288.8,3301.8,0,None, None, None, None, None, None, None, None, None, None, None, None, 18:0,301.2956,0,3037.8,4288.8,3301.8,0,16:01,271.2544,1460.9,0,-1.6,-1.6,0,
DAGPosMS1MS2,0.26ppm,H74 C37 O5 N1 ,DAG,34,1,None, DAG 34:1,DAG 16:0-18:1,612.5563,595957,912012,434357.9,533728.2,395598.5,210686.6,201602.6,189735,188406.5,107090.8,None, None, None, None, None, None, None, None, None, None, None, None, 16:0,273.2668,95018.2,91681.2,86265.9,85764.6,52003.2,18:01,299.283,115668.5,109921.4,103469.2,102642,55087.5,
DAGPosMS1MS2,0.22ppm,H76 C37 O5 N1 ,DAG,34,0,None, DAG 34:0,DAG 16:0-18:0,614.5719,476999.1,726550.3,235882.2,262658.1,734526.2,161836.7,300948.2,134491.3,124578.2,226224.9,None, None, None, None, None, None, None, None, None, None, None, None, 16:0,273.267,79557.8,148630.7,63827.6,56763.1,107602.5,18:00,301.2984,82278.9,152317.5,70663.7,67815.1,118622.4,
DAGPosMS1MS2,2.18ppm,H70 C39 O5 N1 ,DAG,36,5,None, DAG 36:5,DAG 18:2-18:3,632.5262,0,2284.4,4289.3,13029.8,34724.9,8648.8,9327.7,26968.9,26542.3,0,None, None, None, None, None, None, None, None, None, None, None, None, 18:2,297.2671,3252.8,2937.9,6592.5,8886.5,0,18:03,295.2526,5395.9,6389.8,20376.4,17655.8,0,
DAGPosMS1MS2,-0.19ppm,H72 C39 O5 N1 ,DAG,36,4,None, DAG 36:4,DAG 18:1-18:3,634.5404,244627.9,344352.9,766813.1,733861.2,70602.8,25667.1,28026,50300.5,45309.4,379955.4,None, None, None, None, None, None, None, None, None, None, None, None, 18:1,299.282,8148.8,12292.5,18899.6,16310.6,379955.4,18:03,295.2513,17518.3,15733.5,31401,28998.8,0,
DAGPosMS1MS2,-0.19ppm,H72 C39 O5 N1 ,DAG,36,4,None, DAG 36:4,DAG 16:0-20:4,634.5404,244627.9,344352.9,766813.1,733861.2,70602.8,62207.6,76272.6,42819.4,64472.9,48781.9,None, None, None, None, None, None, None, None, None, None, None, None, 16:0,273.2665,7024.2,6923.5,4210.7,7989.7,12252.9,20:04,321.2668,55183.3,69349.1,38608.7,56483.3,36529,
DAGPosMS1MS2,-0.19ppm,H72 C39 O5 N1 ,DAG,36,4,None, DAG 36:4,DAG 18:2-18:2,634.5404,244627.9,344352.9,766813.1,733861.2,70602.8,68248.4,78821.6,223486.6,202254.1,0,None, None, None, None, None, None, None, None, None, None, None, None, 18:2,297.2667,68248.4,78821.6,223486.6,202254.1,0,18:02,297.2667,68248.4,78821.6,223486.6,202254.1,0,
DAGPosMS1MS2,0.21ppm,H74 C39 O5 N1 ,DAG,36,3,None, DAG 36:3,DAG 16:0-20:3,636.5563,544186.6,448603,1411424,1142067.5,10058.4,21384.8,17068.7,4519.6,17968.9,5189.3,None, None, None, None, None, None, None, None, None, None, None, None, 16:0,273.2661,5056.9,4980.2,0,4020.3,0,20:03,323.2822,16327.9,12088.5,4519.6,13948.7,5189.3,
DAGPosMS1MS2,0.21ppm,H74 C39 O5 N1 ,DAG,36,3,None, DAG 36:3,DAG 18:0-18:3,636.5563,544186.6,448603,1411424,1142067.5,10058.4,0,0,0,979.2,18791.9,None, None, None, None, None, None, None, None, None, None, None, None, 18:0,301.3006,0,0,0,0,18791.9,18:03,295.2493,0,0,0,979.2,0,
DAGPosMS1MS2,0.21ppm,H74 C39 O5 N1 ,DAG,36,3,None, DAG 36:3,DAG 18:2-18:1,636.5563,544186.6,448603,1411424,1142067.5,10058.4,300765.9,216677.2,702645.1,568856.2,18866.6,None, None, None, None, None, None, None, None, None, None, None, None, 18:2,297.267,164142.6,114856.3,360471.1,290505.4,18866.6,18:01,299.2832,136623.3,101820.9,342174,278350.8,-1.6,
DAGPosMS1MS2,0.36ppm,H76 C39 O5 N1 ,DAG,36,2,None, DAG 36:2,DAG 18:1-18:1,638.572,309983.8,368117.2,787080.4,716570.7,171611.8,229122.5,175582.5,529635,447599.2,30986.3,None, None, None, None, None, None, None, None, None, None, None, None, 18:1,299.2826,229122.5,175582.5,529635,447599.2,30986.3,18:01,299.2826,229122.5,175582.5,529635,447599.2,30986.3,
DAGPosMS1MS2,0.36ppm,H76 C39 O5 N1 ,DAG,36,2,None, DAG 36:2,DAG 18:0-18:2,638.572,309983.8,368117.2,787080.4,716570.7,171611.8,26311.9,45614.5,37889.7,69562.6,55286.8,None, None, None, None, None, None, None, None, None, None, None, None, 18:0,301.2983,18948.9,28798.1,34158.1,48142.5,24323.1,18:02,297.2679,7363,16816.5,3731.6,21420.2,30963.7,
DAGPosMS1MS2,0.41ppm,H78 C39 O5 N1 ,DAG,36,1,None, DAG 36:1,DAG 18:1-18:0,640.5877,1227831.7,2676965.4,470474,367084.8,607524,23127.9,35503.2,37317.3,30682.1,29530.7,None, None, None, None, None, None, None, None, None, None, None, None, 18:1,299.2846,-1.6,11000.4,-1.6,-1.6,12365.4,18:00,301.2982,23129.5,24502.8,37318.9,30683.7,17165.4,
DAGPosMS1MS2,4.43ppm,H80 C39 O5 N1 ,DAG,36,0,None, DAG 36:0,DAG 18:0-18:0,642.6059,213610.3,357171.8,6890,6618.4,475660.6,106032.9,188384.8,51986.3,61266.2,101077.2,None, None, None, None, None, None, None, None, None, None, None, None, 18:0,301.3012,106032.9,188384.8,51986.3,61266.2,101077.2,18:00,301.3012,106032.9,188384.8,51986.3,61266.2,101077.2,
DAGPosMS1MS2,-0.57ppm,H72 C41 O5 N1 ,DAG,38,6,None, DAG 38:6,DAG 18:2-20:4,658.5401,18854,18929.6,293600.6,157449.8,2842.2,35941.5,35224.2,145401.1,112041.4,0,None, None, None, None, None, None, None, None, None, None, None, None, 18:2,297.266,5781.3,4932.6,16548.5,11728.3,0,20:04,321.2665,30160.2,30291.6,128852.6,100313.1,0,
DAGPosMS1MS2,0.58ppm,H74 C41 O5 N1 ,DAG,38,5,None, DAG 38:5,DAG 18:2-20:3,660.5565,34630.5,142149.8,233678.7,134436.2,38141,10688.8,5606.2,31749.3,18795,0,None, None, None, None, None, None, None, None, None, None, None, None, 18:2,297.2675,0,0,3560.8,2904.7,0,20:03,323.2829,10688.8,5606.2,28188.5,15890.3,0,
DAGPosMS1MS2,0.58ppm,H74 C41 O5 N1 ,DAG,38,5,None, DAG 38:5,DAG 18:1-20:4,660.5565,34630.5,142149.8,233678.7,134436.2,38141,61837.3,77993.2,153354.5,123674.6,7392.1,None, None, None, None, None, None, None, None, None, None, None, None, 18:1,299.2816,6039.2,7984.8,21603.6,15116.7,0,20:04,321.267,55798.1,70008.4,131751,108557.9,7392.1,
DAGPosMS1MS2,0.09ppm,H76 C41 O5 N1 ,DAG,38,4,None, DAG 38:4,DAG 18:1-20:3,662.5719,302903.3,452167,33067.8,86132.4,108500.9,21136.6,21322.3,38085.9,39974.1,0,None, None, None, None, None, None, None, None, None, None, None, None, 18:1,299.2821,5381,3310.2,4162,4026.1,0,20:03,323.2826,15755.7,18012.1,33924,35948,0,
DAGPosMS1MS2,0.09ppm,H76 C41 O5 N1 ,DAG,38,4,None, DAG 38:4,DAG 18:0-20:4,662.5719,302903.3,452167,33067.8,86132.4,108500.9,159500.4,188273,58784.3,93071.2,50432.4,None, None, None, None, None, None, None, None, None, None, None, None, 18:0,301.2977,21917,25906.3,8930,9643.4,4474.9,20:04,321.2669,137583.4,162366.7,49854.3,83427.8,45957.5,
DAGPosMS1MS2,0.09ppm,H76 C41 O5 N1 ,DAG,38,4,None, DAG 38:4,DAG 20:2-18:2,662.5719,302903.3,452167,33067.8,86132.4,108500.9,3761.3,0,16468.1,17006.1,0,None, None, None, None, None, None, None, None, None, None, None, None, 20:2,325.2976,3761.3,0,13322.8,13964.5,0,18:02,297.2665,0,0,3145.3,3041.6,0,
DAGPosMS1MS2,5.24ppm,H74 C43 O5 N1 ,DAG,40,7,None, DAG 40:7,DAG 18:1-22:6,684.5597,13527.4,32438.8,25089.9,11528.7,66005.2,35514.9,27702.3,63160,46085.6,0,None, None, None, None, None, None, None, None, None, None, None, None, 18:1,299.2849,3833.5,0,4842.8,3960.6,0,22:06,345.2705,31681.4,27702.3,58317.3,42125,0,
DAGPosMS1MS2,-0.59ppm,H76 C43 O5 N1 ,DAG,40,6,None, DAG 40:6,DAG 22:5-18:1,686.5714,0,3862.1,8706.4,0,0,9012.9,20699.8,24407.4,16251.8,0,None, None, None, None, None, None, None, None, None, None, None, None, 22:5,347.2814,9012.9,20699.8,19212.4,16251.8,0,18:01,299.2843,0,0,5195,0,0,
DAGPosMS1MS2,-0.42ppm,H78 C43 O5 N1 ,DAG,40,5,None, DAG 40:5,DAG 18:1-22:4,688.5872,0,13861.8,0,0,43929.1,26509.4,21632.5,10043.9,10284.6,0,None, None, None, None, None, None, None, None, None, None, None, None, 18:1,299.2837,4137.3,5219.3,0,0,0,22:04,349.2973,22372.1,16413.2,10043.9,10284.6,0,
,,,,,,,,,,,,,,,,,,,,,,,,,,,,,,,,,,,,,,,,,,,,,,
,,,,,,,,,,,,,,,,,,,,,,,,,,,,,,,,,,,,,,,,,,,,,,
###,LPCOPosMS1MS2,,,,,,,,,,,,,,,,,,,,,,,,,,,,,,,,,,,,,,,,,,,,,
LPCOPosMS1MS2,0.03ppm,H37 C20 N1 O6 P1 ,LPCO-,12,4,None, LPCO- 12:4,Keine,418.2353,0,0,0,0,18223.2,8719.1,4701.5,4579.9,4845.5,0,184.0736,8719.1,4701.5,4579.9,4845.5,0,None, None, None, None, None, None, None, None, None, None, None, None, None, None, None, None, None, None, None, None,
LPCOPosMS1MS2,-6.04ppm,H39 C20 N1 O6 P1 ,LPCO-,12,3,None, LPCO- 12:3,Keine,420.2484,199089.4,207811.9,0,0,0,16016.9,10360.8,7441.3,5080,0,184.0736,16016.9,10360.8,7441.3,5080,0,None, None, None, None, None, None, None, None, None, None, None, None, None, None, None, None, None, None, None, None,
LPCOPosMS1MS2,0.53ppm,H41 C20 N1 O6 P1 ,LPCO-,12,2,None, LPCO- 12:2,Keine,422.2668,2085.5,11080.6,0,0,2370.9,13353,7414.9,8141,7101.3,0,184.0736,13353,7414.9,8141,7101.3,0,None, None, None, None, None, None, None, None, None, None, None, None, None, None, None, None, None, None, None, None,
LPCOPosMS1MS2,-0.07ppm,H43 C20 N1 O6 P1 ,LPCO-,12,1,None, LPCO- 12:1,Keine,424.2822,1501899.6,1866296.3,1224385.5,1375159.8,770384.9,17825.1,15361.4,11155.9,8034.6,0,184.0738,17825.1,15361.4,11155.9,8034.6,0,None, None, None, None, None, None, None, None, None, None, None, None, None, None, None, None, None, None, None, None,
LPCOPosMS1MS2,-4.77ppm,H45 C20 N1 O6 P1 ,LPCO-,12,0,None, LPCO- 12:0,Keine,426.2959,0,0,2629.6,0,0,81463.7,51418.4,18336.1,17150.5,3839.3,184.0734,81463.7,51418.4,18336.1,17150.5,3839.3,None, None, None, None, None, None, None, None, None, None, None, None, None, None, None, None, None, None, None, None,
LPCOPosMS1MS2,-5.25ppm,H43 C22 N1 O6 P1 ,LPCO-,14,3,None, LPCO- 14:3,Keine,448.2799,1845.3,1722,0,0,1276.9,10945.5,7254.2,8567.3,8010.6,0,184.0734,10945.5,7254.2,8567.3,8010.6,0,None, None, None, None, None, None, None, None, None, None, None, None, None, None, None, None, None, None, None, None,
LPCOPosMS1MS2,-0.34ppm,H45 C22 N1 O6 P1 ,LPCO-,14,2,None, LPCO- 14:2,Keine,450.2977,0,0,0,0,93641.9,17899.6,12480.9,10491.1,12744.1,5260.1,184.0737,17899.6,12480.9,10491.1,12744.1,5260.1,None, None, None, None, None, None, None, None, None, None, None, None, None, None, None, None, None, None, None, None,
LPCOPosMS1MS2,0.35ppm,H47 C22 N1 O6 P1 ,LPCO-,14,1,None, LPCO- 14:1,Keine,452.3137,4842.9,7949.4,0,0,3540.9,2694172.5,1751164.7,2627022.7,2126481.9,3297617.1,184.0735,2694172.5,1751164.7,2627022.7,2126481.9,3297617.1,None, None, None, None, None, None, None, None, None, None, None, None, None, None, None, None, None, None, None, None,
LPCOPosMS1MS2,1.88ppm,H37 C24 N1 O6 P1 ,LPCO-,16,8,None, LPCO- 16:8,Keine,466.2362,13912.1,10533,0,0,0,17331,11735.2,13590.4,13866.4,4218.6,184.0735,17331,11735.2,13590.4,13866.4,4218.6,None, None, None, None, None, None, None, None, None, None, None, None, None, None, None, None, None, None, None, None,
LPCOPosMS1MS2,5.57ppm,H41 C24 N1 O6 P1 ,LPCO-,16,6,None, LPCO- 16:6,Keine,470.2692,3215,5640.2,0,0,0,5660.6,5590.3,1526.9,-1.3,0,184.0735,5660.6,5590.3,1526.9,-1.3,0,None, None, None, None, None, None, None, None, None, None, None, None, None, None, None, None, None, None, None, None,
LPCOPosMS1MS2,-2.30ppm,H45 C24 N1 O6 P1 ,LPCO-,16,4,None, LPCO- 16:4,Keine,474.2968,5942.5,5288.2,0,0,1240.5,3956.9,6463.1,4035.6,2797.7,0,184.0734,3956.9,6463.1,4035.6,2797.7,0,None, None, None, None, None, None, None, None, None, None, None, None, None, None, None, None, None, None, None, None,
LPCOPosMS1MS2,-0.45ppm,H49 C24 N1 O6 P1 ,LPCO-,16,2,None, LPCO- 16:2,Keine,478.329,780120.1,606685.6,503167.4,468191.9,35158.3,33783.2,24633.2,18912.9,17830.4,6866.5,184.0734,33783.2,24633.2,18912.9,17830.4,6866.5,None, None, None, None, None, None, None, None, None, None, None, None, None, None, None, None, None, None, None, None,
LPCOPosMS1MS2,1.68ppm,H51 C24 N1 O6 P1 ,LPCO-,16,1,None, LPCO- 16:1,Keine,480.3457,30258,25920,57235.9,146507.2,60536.6,22439.6,19994.3,30052,36618.7,8186.7,184.0734,22439.6,19994.3,30052,36618.7,8186.7,None, None, None, None, None, None, None, None, None, None, None, None, None, None, None, None, None, None, None, None,
LPCOPosMS1MS2,0.42ppm,H53 C24 N1 O6 P1 ,LPCO-,16,0,None, LPCO- 16:0,Keine,482.3607,511953.4,572461.4,918771.9,1260362.9,0,148996.9,137177.6,343300.1,447674.3,0,184.0734,148996.9,137177.6,343300.1,447674.3,0,None, None, None, None, None, None, None, None, None, None, None, None, None, None, None, None, None, None, None, None,
LPCOPosMS1MS2,-3.40ppm,H37 C26 N1 O6 P1 ,LPCO-,18,10,None, LPCO- 18:10,Keine,490.2336,0,0,0,0,15380.5,12525.8,7569.7,16217.6,14425.6,3445.4,184.0733,12525.8,7569.7,16217.6,14425.6,3445.4,None, None, None, None, None, None, None, None, None, None, None, None, None, None, None, None, None, None, None, None,
LPCOPosMS1MS2,-4.21ppm,H39 C26 N1 O6 P1 ,LPCO-,18,9,None, LPCO- 18:9,Keine,492.2489,17809.2,61462,9524.6,5962.9,8534.8,21351.9,15505.7,37762.5,37972.8,13010.3,184.0735,21351.9,15505.7,37762.5,37972.8,13010.3,None, None, None, None, None, None, None, None, None, None, None, None, None, None, None, None, None, None, None, None,
LPCOPosMS1MS2,5.46ppm,H41 C26 N1 O6 P1 ,LPCO-,18,8,None, LPCO- 18:8,Keine,494.2693,4405.3,5681.7,0,0,7510.8,534546.3,485558.6,2369903,3285153.8,4134.7,184.0735,534546.3,485558.6,2369903,3285153.8,4134.7,None, None, None, None, None, None, None, None, None, None, None, None, None, None, None, None, None, None, None, None,
LPCOPosMS1MS2,-0.89ppm,H49 C26 N1 O6 P1 ,LPCO-,18,4,None, LPCO- 18:4,Keine,502.3288,9361.6,13080.3,85855.2,162971.4,0,11369.6,6728.6,5439.1,4546.9,0,184.0735,11369.6,6728.6,5439.1,4546.9,0,None, None, None, None, None, None, None, None, None, None, None, None, None, None, None, None, None, None, None, None,
LPCOPosMS1MS2,-1.82ppm,H51 C26 N1 O6 P1 ,LPCO-,18,3,None, LPCO- 18:3,Keine,504.3439,25236.9,36985.6,163955.7,243231.7,0,12654.5,9758.8,10759.1,7587.9,0,184.0735,12654.5,9758.8,10759.1,7587.9,0,None, None, None, None, None, None, None, None, None, None, None, None, None, None, None, None, None, None, None, None,
LPCOPosMS1MS2,-0.22ppm,H53 C26 N1 O6 P1 ,LPCO-,18,2,None, LPCO- 18:2,Keine,506.3604,278207,258914.3,301231,303575.1,0,24175.4,13801.8,28609.7,30458.6,3973.9,184.0735,24175.4,13801.8,28609.7,30458.6,3973.9,None, None, None, None, None, None, None, None, None, None, None, None, None, None, None, None, None, None, None, None,
LPCOPosMS1MS2,0.06ppm,H55 C26 N1 O6 P1 ,LPCO-,18,1,None, LPCO- 18:1,Keine,508.3762,184251.4,208086.1,517231.8,845684.6,0,78683.3,80675.2,243827.6,330316.6,7365.4,184.0735,78683.3,80675.2,243827.6,330316.6,7365.4,None, None, None, None, None, None, None, None, None, None, None, None, None, None, None, None, None, None, None, None,
LPCOPosMS1MS2,0.35ppm,H57 C26 N1 O6 P1 ,LPCO-,18,0,None, LPCO- 18:0,Keine,510.392,121819.3,155044.6,125866.4,222805,0,781237.7,746745.1,1288433.8,1556440.6,47689.9,184.0734,781237.7,746745.1,1288433.8,1556440.6,47689.9,None, None, None, None, None, None, None, None, None, None, None, None, None, None, None, None, None, None, None, None,
LPCOPosMS1MS2,-3.12ppm,H39 C28 N1 O6 P1 ,LPCO-,20,11,None, LPCO- 20:11,Keine,516.2493,1984.8,0,0,0,5752.8,13033.8,9598.8,12808.8,9154.4,3087.7,184.0734,13033.8,9598.8,12808.8,9154.4,3087.7,None, None, None, None, None, None, None, None, None, None, None, None, None, None, None, None, None, None, None, None,
LPCOPosMS1MS2,-3.43ppm,H41 C28 N1 O6 P1 ,LPCO-,20,10,None, LPCO- 20:10,Keine,518.2648,4980.1,1940.8,0,0,1448.5,170140.6,137114.1,497052.5,627908.9,16439.2,184.0734,170140.6,137114.1,497052.5,627908.9,16439.2,None, None, None, None, None, None, None, None, None, None, None, None, None, None, None, None, None, None, None, None,
LPCOPosMS1MS2,-2.88ppm,H43 C28 N1 O6 P1 ,LPCO-,20,9,None, LPCO- 20:9,Keine,520.2808,87837.8,127929.8,0,9217.9,9000.7,10556158.2,10721257.2,47911227.4,69557059.8,10026.6,184.0735,10556158.2,10721257.2,47911227.4,69557059.8,10026.6,None, None, None, None, None, None, None, None, None, None, None, None, None, None, None, None, None, None, None, None,
LPCOPosMS1MS2,-1.71ppm,H49 C28 N1 O6 P1 ,LPCO-,20,6,None, LPCO- 20:6,Keine,526.3283,0,4499.4,69464.1,69038.5,0,-1.4,-1.4,-1.4,-1.4,-1.4,184.0733,-1.4,-1.4,-1.4,-1.4,-1.4,None, None, None, None, None, None, None, None, None, None, None, None, None, None, None, None, None, None, None, None,
LPCOPosMS1MS2,-4.73ppm,H53 C28 N1 O6 P1 ,LPCO-,20,4,None, LPCO- 20:4,Keine,530.358,0,0,18594,49058.3,0,12874.5,7759.3,15434.4,12113.2,2813.1,184.0734,12874.5,7759.3,15434.4,12113.2,2813.1,None, None, None, None, None, None, None, None, None, None, None, None, None, None, None, None, None, None, None, None,
LPCOPosMS1MS2,-4.30ppm,H55 C28 N1 O6 P1 ,LPCO-,20,3,None, LPCO- 20:3,Keine,532.3739,0,0,7087.3,6240.2,0,19725.2,12108,13534.7,13452.7,0,184.0735,19725.2,12108,13534.7,13452.7,0,None, None, None, None, None, None, None, None, None, None, None, None, None, None, None, None, None, None, None, None,
LPCOPosMS1MS2,0.37ppm,H57 C28 N1 O6 P1 ,LPCO-,20,2,None, LPCO- 20:2,Keine,534.392,4805.1,1703.5,0,0,1936,100923,90108.5,55614.2,85871.4,0,184.0733,100923,90108.5,55614.2,85871.4,0,None, None, None, None, None, None, None, None, None, None, None, None, None, None, None, None, None, None, None, None,
LPCOPosMS1MS2,-0.23ppm,H61 C28 N1 O6 P1 ,LPCO-,20,0,None, LPCO- 20:0,Keine,538.423,16609.1,19011.7,11611.2,34332.3,0,497320.6,388092.6,550733.8,620359.7,2501.6,184.0734,497320.6,388092.6,550733.8,620359.7,2501.6,None, None, None, None, None, None, None, None, None, None, None, None, None, None, None, None, None, None, None, None,
LPCOPosMS1MS2,-2.83ppm,H39 C30 N1 O6 P1 ,LPCO-,22,13,None, LPCO- 22:13,Keine,540.2494,19957.5,34843.7,32136.5,71104.3,1808.2,-1.4,-1.4,-1.4,-1.4,0,184.0734,-1.4,-1.4,-1.4,-1.4,0,None, None, None, None, None, None, None, None, None, None, None, None, None, None, None, None, None, None, None, None,
LPCOPosMS1MS2,-2.44ppm,H41 C30 N1 O6 P1 ,LPCO-,22,12,None, LPCO- 22:12,Keine,542.2653,7609.6,87246.3,0,3068.5,0,127086.8,90597.1,229719.2,228496.5,2654.5,184.0733,127086.8,90597.1,229719.2,228496.5,2654.5,None, None, None, None, None, None, None, None, None, None, None, None, None, None, None, None, None, None, None, None,
LPCOPosMS1MS2,-3.32ppm,H45 C30 N1 O6 P1 ,LPCO-,22,10,None, LPCO- 22:10,Keine,546.2961,0,0,4573.5,8664.8,21639.8,477730.4,678388,2941168.1,4186792.4,0,184.0734,477730.4,678388,2941168.1,4186792.4,0,None, None, None, None, None, None, None, None, None, None, None, None, None, None, None, None, None, None, None, None,
LPCOPosMS1MS2,-3.61ppm,H47 C30 N1 O6 P1 ,LPCO-,22,9,None, LPCO- 22:9,Keine,548.3116,45853.6,26420.8,5920,34673.5,0,218811.9,171036,539941.4,770313.5,4123.9,184.0736,218811.9,171036,539941.4,770313.5,4123.9,None, None, None, None, None, None, None, None, None, None, None, None, None, None, None, None, None, None, None, None,
LPCOPosMS1MS2,3.64ppm,H51 C30 N1 O6 P1 ,LPCO-,22,7,None, LPCO- 22:7,Keine,552.3469,2096,0,0,0,0,344390.6,361551,325218.3,405848.4,3159.5,184.0735,344390.6,361551,325218.3,405848.4,3159.5,None, None, None, None, None, None, None, None, None, None, None, None, None, None, None, None, None, None, None, None,
LPCOPosMS1MS2,-4.86ppm,H59 C30 N1 O6 P1 ,LPCO-,22,3,None, LPCO- 22:3,Keine,560.4047,0,1841.1,0,0,0,293311.8,213098.3,113636.1,80977.1,2970.7,184.0734,293311.8,213098.3,113636.1,80977.1,2970.7,None, None, None, None, None, None, None, None, None, None, None, None, None, None, None, None, None, None, None, None,
LPCOPosMS1MS2,0.10ppm,H61 C30 N1 O6 P1 ,LPCO-,22,2,None, LPCO- 22:2,Keine,562.4232,1980717.3,2258576.3,3930052.4,2857669.3,3399532.4,20163.9,24251.8,12221.5,11541.3,2340.8,184.0736,20163.9,24251.8,12221.5,11541.3,2340.8,None, None, None, None, None, None, None, None, None, None, None, None, None, None, None, None, None, None, None, None,
LPCOPosMS1MS2,4.55ppm,H63 C30 N1 O6 P1 ,LPCO-,22,1,None, LPCO- 22:1,Keine,564.4413,0,6251.1,0,0,0,32271.7,28686.4,27148.6,24635.5,3448.2,184.0735,32271.7,28686.4,27148.6,24635.5,3448.2,None, None, None, None, None, None, None, None, None, None, None, None, None, None, None, None, None, None, None, None,
LPCOPosMS1MS2,-1.31ppm,H65 C30 N1 O6 P1 ,LPCO-,22,0,None, LPCO- 22:0,Keine,566.4537,12182.5,1368.6,0,0,0,109076.1,69623.8,112888.1,100437.4,3418.6,184.0734,109076.1,69623.8,112888.1,100437.4,3418.6,None, None, None, None, None, None, None, None, None, None, None, None, None, None, None, None, None, None, None, None,
LPCOPosMS1MS2,-2.06ppm,H47 C32 N1 O6 P1 ,LPCO-,24,11,None, LPCO- 24:11,Keine,572.3124,0,0,0,0,3651.3,237066.1,175353.7,591817.6,648724.8,0,184.0734,237066.1,175353.7,591817.6,648724.8,0,None, None, None, None, None, None, None, None, None, None, None, None, None, None, None, None, None, None, None, None,
LPCOPosMS1MS2,-3.21ppm,H51 C32 N1 O6 P1 ,LPCO-,24,9,None, LPCO- 24:9,Keine,576.343,5811.9,6299,0,6847.6,0,125007,87243.4,105056.9,112541.5,2895.2,184.0732,125007,87243.4,105056.9,112541.5,2895.2,None, None, None, None, None, None, None, None, None, None, None, None, None, None, None, None, None, None, None, None,
LPCOPosMS1MS2,-4.30ppm,H55 C32 N1 O6 P1 ,LPCO-,24,7,None, LPCO- 24:7,Keine,580.3737,0,0,0,3386.1,0,379418.3,383768.9,273501.4,253369.7,0,184.0734,379418.3,383768.9,273501.4,253369.7,0,None, None, None, None, None, None, None, None, None, None, None, None, None, None, None, None, None, None, None, None,
LPCOPosMS1MS2,-4.11ppm,H59 C32 N1 O6 P1 ,LPCO-,24,5,None, LPCO- 24:5,Keine,584.405,674690.7,716504.1,2431253.7,1805058.1,1578970.1,151763.6,112694.1,81545.2,60276.5,10622.2,184.0734,151763.6,112694.1,81545.2,60276.5,10622.2,None, None, None, None, None, None, None, None, None, None, None, None, None, None, None, None, None, None, None, None,
LPCOPosMS1MS2,-1.15ppm,H67 C32 N1 O6 P1 ,LPCO-,24,1,None, LPCO- 24:1,Keine,592.4694,4411,6825.3,0,0,0,109211.2,87544.8,102307.8,107179.3,2849.5,184.0736,109211.2,87544.8,102307.8,107179.3,2849.5,None, None, None, None, None, None, None, None, None, None, None, None, None, None, None, None, None, None, None, None,
LPCOPosMS1MS2,1.16ppm,H47 C34 N1 O6 P1 ,LPCO-,26,13,None, LPCO- 26:13,Keine,596.3142,55643.6,48264,0,0,0,-1.5,-1.5,-1.5,8267.7,0,184.0734,-1.5,-1.5,-1.5,8267.7,0,None, None, None, None, None, None, None, None, None, None, None, None, None, None, None, None, None, None, None, None,
LPCOPosMS1MS2,5.85ppm,H61 C34 N1 O6 P1 ,LPCO-,26,6,None, LPCO- 26:6,Keine,610.4267,0,0,0,3844.2,4221.2,71362.3,55893.2,29699.2,25781.6,0,184.0734,71362.3,55893.2,29699.2,25781.6,0,None, None, None, None, None, None, None, None, None, None, None, None, None, None, None, None, None, None, None, None,
LPCOPosMS1MS2,4.29ppm,H71 C34 N1 O6 P1 ,LPCO-,26,1,None, LPCO- 26:1,Keine,620.504,30931.6,30990.9,0,0,0,168718.5,151992.8,177969.4,145311,19990.5,184.0734,168718.5,151992.8,177969.4,145311,19990.5,None, None, None, None, None, None, None, None, None, None, None, None, None, None, None, None, None, None, None, None,
,,,,,,,,,,,,,,,,,,,,,,,,,,,,,,,,,,,,,,,,,,,,,,
,,,,,,,,,,,,,,,,,,,,,,,,,,,,,,,,,,,,,,,,,,,,,,
###,LPCPosMS1MS2,,,,,,,,,,,,,,,,,,,,,,,,,,,,,,,,,,,,,,,,,,,,,
LPCPosMS1MS2,-5.57ppm,H37 C20 N1 O7 P1 ,LPC,12,3,None, LPC 12:3,Keine,434.2278,2995872.7,2021959.6,6855384.6,5108656.6,7753942.9,25950.8,16256.8,18197.9,16989.3,11089.6,184.0736,25950.8,16256.8,18197.9,16989.3,11089.6,None, None, None, None, None, None, None, None, None, None, None, None, None, None, None, None, None, None, None, None,
LPCPosMS1MS2,-1.41ppm,H41 C20 N1 O7 P1 ,LPC,12,1,None, LPC 12:1,Keine,438.2609,0,0,0,0,1226,13303.1,7753.9,11999.3,10962.7,0,184.0735,13303.1,7753.9,11999.3,10962.7,0,None, None, None, None, None, None, None, None, None, None, None, None, None, None, None, None, None, None, None, None,
LPCPosMS1MS2,0.27ppm,H43 C20 N1 O7 P1 ,LPC,12,0,None, LPC 12:0,Keine,440.2773,0,1376.4,2977.6,0,0,20212.4,12653.6,18006.6,16264.9,4983.3,184.0734,20212.4,12653.6,18006.6,16264.9,4983.3,None, None, None, None, None, None, None, None, None, None, None, None, None, None, None, None, None, None, None, None,
LPCPosMS1MS2,-1.16ppm,H39 C22 N1 O7 P1 ,LPC,14,4,None, LPC 14:4,Keine,460.2453,0,1691.3,0,0,0,8023.4,4686.7,9287.4,5262.1,0,184.0737,8023.4,4686.7,9287.4,5262.1,0,None, None, None, None, None, None, None, None, None, None, None, None, None, None, None, None, None, None, None, None,
LPCPosMS1MS2,-4.29ppm,H45 C22 N1 O7 P1 ,LPC,14,1,None, LPC 14:1,Keine,466.2908,2222.4,1723.4,0,0,7527,17331,11735.2,13590.4,13866.4,4218.6,184.0735,17331,11735.2,13590.4,13866.4,4218.6,None, None, None, None, None, None, None, None, None, None, None, None, None, None, None, None, None, None, None, None,
LPCPosMS1MS2,0.19ppm,H47 C22 N1 O7 P1 ,LPC,14,0,None, LPC 14:0,Keine,468.3086,84420.1,114047,643521.2,841960.7,301372.2,75033.8,67058.7,245226.3,308882.5,0,184.0734,75033.8,67058.7,245226.3,308882.5,0,None, None, None, None, None, None, None, None, None, None, None, None, None, None, None, None, None, None, None, None,
LPCPosMS1MS2,5.42ppm,H41 C24 N1 O7 P1 ,LPC,16,5,None, LPC 16:5,Keine,486.2642,0,0,0,0,3545.5,13744.9,9893.3,7814.7,4840.1,2892.8,184.0735,13744.9,9893.3,7814.7,4840.1,2892.8,None, None, None, None, None, None, None, None, None, None, None, None, None, None, None, None, None, None, None, None,
LPCPosMS1MS2,-4.37ppm,H45 C24 N1 O7 P1 ,LPC,16,3,None, LPC 16:3,Keine,490.2907,0,0,114162.8,192933.2,0,12525.8,7569.7,16217.6,14425.6,3445.4,184.0733,12525.8,7569.7,16217.6,14425.6,3445.4,None, None, None, None, None, None, None, None, None, None, None, None, None, None, None, None, None, None, None, None,
LPCPosMS1MS2,2.06ppm,H47 C24 N1 O7 P1 ,LPC,16,2,None, LPC 16:2,Keine,492.3095,0,0,2573.7,0,0,21351.9,15505.7,37762.5,37972.8,13010.3,184.0735,21351.9,15505.7,37762.5,37972.8,13010.3,None, None, None, None, None, None, None, None, None, None, None, None, None, None, None, None, None, None, None, None,
LPCPosMS1MS2,0.27ppm,H49 C24 N1 O7 P1 ,LPC,16,1,None, LPC 16:1,Keine,494.3242,1093767.4,1169696.7,5580413.7,7806877.5,0,534546.3,485558.6,2369903,3285153.8,4134.7,184.0735,534546.3,485558.6,2369903,3285153.8,4134.7,None, None, None, None, None, None, None, None, None, None, None, None, None, None, None, None, None, None, None, None,
LPCPosMS1MS2,0.57ppm,H51 C24 N1 O7 P1 ,LPC,16,0,None, LPC 16:0,Keine,496.34,99905654.3,98844641.1,224214043.8,284708063.6,0,47066972.9,42138801.6,95622280.3,122975286.3,14222.9,184.0734,47066972.9,42138801.6,95622280.3,122975286.3,14222.9,None, None, None, None, None, None, None, None, None, None, None, None, None, None, None, None, None, None, None, None,
LPCPosMS1MS2,-2.57ppm,H37 C26 N1 O7 P1 ,LPC,18,9,None, LPC 18:9,Keine,506.2289,0,0,0,0,12199.2,24175.4,13801.8,28609.7,30458.6,3973.9,184.0735,24175.4,13801.8,28609.7,30458.6,3973.9,None, None, None, None, None, None, None, None, None, None, None, None, None, None, None, None, None, None, None, None,
LPCPosMS1MS2,-1.55ppm,H39 C26 N1 O7 P1 ,LPC,18,8,None, LPC 18:8,Keine,508.2451,2704,8968.9,0,0,0,78683.3,80675.2,243827.6,330316.6,7365.4,184.0735,78683.3,80675.2,243827.6,330316.6,7365.4,None, None, None, None, None, None, None, None, None, None, None, None, None, None, None, None, None, None, None, None,
LPCPosMS1MS2,-4.07ppm,H47 C26 N1 O7 P1 ,LPC,18,4,None, LPC 18:4,Keine,516.3064,0,2172.9,1823911.2,2412498.2,0,13033.8,9598.8,12808.8,9154.4,3087.7,184.0734,13033.8,9598.8,12808.8,9154.4,3087.7,None, None, None, None, None, None, None, None, None, None, None, None, None, None, None, None, None, None, None, None,
LPCPosMS1MS2,-4.04ppm,H49 C26 N1 O7 P1 ,LPC,18,3,None, LPC 18:3,Keine,518.322,15701061.3,13816637.7,73679425.2,91819504.1,0,170140.6,137114.1,497052.5,627908.9,16439.2,184.0734,170140.6,137114.1,497052.5,627908.9,16439.2,None, None, None, None, None, None, None, None, None, None, None, None, None, None, None, None, None, None, None, None,
LPCPosMS1MS2,0.79ppm,H51 C26 N1 O7 P1 ,LPC,18,2,None, LPC 18:2,Keine,520.3402,15299020.6,16504392.8,84060144.6,117900741,0,10556158.2,10721257.2,47911227.4,69557059.8,10026.6,184.0735,10556158.2,10721257.2,47911227.4,69557059.8,10026.6,None, None, None, None, None, None, None, None, None, None, None, None, None, None, None, None, None, None, None, None,
LPCPosMS1MS2,0.35ppm,H53 C26 N1 O7 P1 ,LPC,18,1,None, LPC 18:1,Keine,522.3556,14750818.9,15991505,57694088.7,79878574.9,0,8233805.7,8807380.4,30597736.7,40159124.4,14476.1,184.0735,8233805.7,8807380.4,30597736.7,40159124.4,14476.1,None, None, None, None, None, None, None, None, None, None, None, None, None, None, None, None, None, None, None, None,
LPCPosMS1MS2,0.66ppm,H55 C26 N1 O7 P1 ,LPC,18,0,None, LPC 18:0,Keine,524.3714,92949174.5,83883635,133738162.1,154244973.5,0,48661806.6,33250713.5,52125974.9,59025728.9,36054.1,184.0734,48661806.6,33250713.5,52125974.9,59025728.9,36054.1,None, None, None, None, None, None, None, None, None, None, None, None, None, None, None, None, None, None, None, None,
LPCPosMS1MS2,4.39ppm,H37 C28 N1 O7 P1 ,LPC,20,11,None, LPC 20:11,Keine,530.2325,0,0,3023.5,0,0,12874.5,7759.3,15434.4,12113.2,2813.1,184.0734,12874.5,7759.3,15434.4,12113.2,2813.1,None, None, None, None, None, None, None, None, None, None, None, None, None, None, None, None, None, None, None, None,
LPCPosMS1MS2,-2.09ppm,H39 C28 N1 O7 P1 ,LPC,20,10,None, LPC 20:10,Keine,532.2448,0,1921.8,0,0,2006.7,19725.2,12108,13534.7,13452.7,0,184.0735,19725.2,12108,13534.7,13452.7,0,None, None, None, None, None, None, None, None, None, None, None, None, None, None, None, None, None, None, None, None,
LPCPosMS1MS2,-2.46ppm,H41 C28 N1 O7 P1 ,LPC,20,9,None, LPC 20:9,Keine,534.2602,0,1943.3,0,0,7924.6,100923,90108.5,55614.2,85871.4,0,184.0733,100923,90108.5,55614.2,85871.4,0,None, None, None, None, None, None, None, None, None, None, None, None, None, None, None, None, None, None, None, None,
LPCPosMS1MS2,0.22ppm,H43 C28 N1 O7 P1 ,LPC,20,8,None, LPC 20:8,Keine,536.2773,0,1736.8,0,0,4407.5,256378.4,210198,165303.2,186807.3,4292.3,184.0733,256378.4,210198,165303.2,186807.3,4292.3,None, None, None, None, None, None, None, None, None, None, None, None, None, None, None, None, None, None, None, None,
LPCPosMS1MS2,-4.18ppm,H49 C28 N1 O7 P1 ,LPC,20,5,None, LPC 20:5,Keine,542.3218,2564698,2431708.8,27234342,36716506.7,0,127086.8,90597.1,229719.2,228496.5,2654.5,184.0733,127086.8,90597.1,229719.2,228496.5,2654.5,None, None, None, None, None, None, None, None, None, None, None, None, None, None, None, None, None, None, None, None,
LPCPosMS1MS2,-0.36ppm,H51 C28 N1 O7 P1 ,LPC,20,4,None, LPC 20:4,Keine,544.3396,11449252.7,10988302.1,83773222.9,102624461.2,0,6926854.4,6039932.6,41741726.5,48291538.6,2867.3,184.0735,6926854.4,6039932.6,41741726.5,48291538.6,2867.3,None, None, None, None, None, None, None, None, None, None, None, None, None, None, None, None, None, None, None, None,
LPCPosMS1MS2,-3.57ppm,H53 C28 N1 O7 P1 ,LPC,20,3,None, LPC 20:3,Keine,546.3535,15288226.7,12387821.5,46885654.2,54145557.9,0,477730.4,678388,2941168.1,4186792.4,0,184.0734,477730.4,678388,2941168.1,4186792.4,0,None, None, None, None, None, None, None, None, None, None, None, None, None, None, None, None, None, None, None, None,
LPCPosMS1MS2,0.54ppm,H55 C28 N1 O7 P1 ,LPC,20,2,None, LPC 20:2,Keine,548.3714,188815.8,278851.4,1130023.1,1816095.6,0,218811.9,171036,539941.4,770313.5,4123.9,184.0736,218811.9,171036,539941.4,770313.5,4123.9,None, None, None, None, None, None, None, None, None, None, None, None, None, None, None, None, None, None, None, None,
LPCPosMS1MS2,0.14ppm,H57 C28 N1 O7 P1 ,LPC,20,1,None, LPC 20:1,Keine,550.3868,540056.9,596918,1899266.2,2761888.6,0,265903.5,325513.6,807275.1,1103506.9,1977.2,184.0733,265903.5,325513.6,807275.1,1103506.9,1977.2,None, None, None, None, None, None, None, None, None, None, None, None, None, None, None, None, None, None, None, None,
LPCPosMS1MS2,-1.59ppm,H59 C28 N1 O7 P1 ,LPC,20,0,None, LPC 20:0,Keine,552.4015,491421.5,470405.1,613172.5,752288.5,1590,344390.6,361551,325218.3,405848.4,3159.5,184.0735,344390.6,361551,325218.3,405848.4,3159.5,None, None, None, None, None, None, None, None, None, None, None, None, None, None, None, None, None, None, None, None,
LPCPosMS1MS2,2.86ppm,H39 C30 N1 O7 P1 ,LPC,22,12,None, LPC 22:12,Keine,556.2475,11524.9,18175.6,0,0,0,20745.7,15379.4,12919.7,13268,4855.6,184.0733,20745.7,15379.4,12919.7,13268,4855.6,None, None, None, None, None, None, None, None, None, None, None, None, None, None, None, None, None, None, None, None,
LPCPosMS1MS2,-1.97ppm,H41 C30 N1 O7 P1 ,LPC,22,11,None, LPC 22:11,Keine,558.2604,10889.9,11829.6,0,0,0,48793.4,48072.3,33832.3,28298.5,0,184.0735,48793.4,48072.3,33832.3,28298.5,0,None, None, None, None, None, None, None, None, None, None, None, None, None, None, None, None, None, None, None, None,
LPCPosMS1MS2,-3.62ppm,H47 C30 N1 O7 P1 ,LPC,22,8,None, LPC 22:8,Keine,564.3064,0,0,11331.8,9208.2,0,32271.7,28686.4,27148.6,24635.5,3448.2,184.0735,32271.7,28686.4,27148.6,24635.5,3448.2,None, None, None, None, None, None, None, None, None, None, None, None, None, None, None, None, None, None, None, None,
LPCPosMS1MS2,-4.45ppm,H49 C30 N1 O7 P1 ,LPC,22,7,None, LPC 22:7,Keine,566.3216,1597177,1343220,22916480.3,26773759.5,227989.8,109076.1,69623.8,112888.1,100437.4,3418.6,184.0734,109076.1,69623.8,112888.1,100437.4,3418.6,None, None, None, None, None, None, None, None, None, None, None, None, None, None, None, None, None, None, None, None,
LPCPosMS1MS2,-0.01ppm,H51 C30 N1 O7 P1 ,LPC,22,6,None, LPC 22:6,Keine,568.3398,2677804.9,2657287.3,21754746.3,27079324.9,0,1889964.6,1594773.5,11882435.6,14203413.1,5887.6,184.0735,1889964.6,1594773.5,11882435.6,14203413.1,5887.6,None, None, None, None, None, None, None, None, None, None, None, None, None, None, None, None, None, None, None, None,
LPCPosMS1MS2,0.47ppm,H53 C30 N1 O7 P1 ,LPC,22,5,None, LPC 22:5,Keine,570.3557,161986.7,189214.4,2047486.7,2372547.7,0,-1.5,-1.5,-1.5,-1.5,0,184.0734,-1.5,-1.5,-1.5,-1.5,0,None, None, None, None, None, None, None, None, None, None, None, None, None, None, None, None, None, None, None, None,
LPCPosMS1MS2,-1.32ppm,H55 C30 N1 O7 P1 ,LPC,22,4,None, LPC 22:4,Keine,572.3703,36085.9,52189.5,980899.4,1369981.7,0,237066.1,175353.7,591817.6,648724.8,0,184.0734,237066.1,175353.7,591817.6,648724.8,0,None, None, None, None, None, None, None, None, None, None, None, None, None, None, None, None, None, None, None, None,
LPCPosMS1MS2,-3.56ppm,H57 C30 N1 O7 P1 ,LPC,22,3,None, LPC 22:3,Keine,574.3847,9153.4,851.5,-1.4,1819.9,0,8497.5,10138.6,-1.5,-1.5,0,184.0734,8497.5,10138.6,-1.5,-1.5,0,None, None, None, None, None, None, None, None, None, None, None, None, None, None, None, None, None, None, None, None,
LPCPosMS1MS2,-1.48ppm,H61 C30 N1 O7 P1 ,LPC,22,1,None, LPC 22:1,Keine,578.4172,30267.4,20599.5,25126.3,48425.3,1834.3,64188.4,52209.5,96099.5,116441.3,0,184.0734,64188.4,52209.5,96099.5,116441.3,0,None, None, None, None, None, None, None, None, None, None, None, None, None, None, None, None, None, None, None, None,
LPCPosMS1MS2,-0.25ppm,H63 C30 N1 O7 P1 ,LPC,22,0,None, LPC 22:0,Keine,580.4335,43400,100791,122686.7,170389,0,379418.3,383768.9,273501.4,253369.7,0,184.0734,379418.3,383768.9,273501.4,253369.7,0,None, None, None, None, None, None, None, None, None, None, None, None, None, None, None, None, None, None, None, None,
LPCPosMS1MS2,-1.28ppm,H45 C32 N1 O7 P1 ,LPC,24,11,None, LPC 24:11,Keine,586.2921,0,26076,0,0,4148.8,5722.6,8907.8,13012.2,9870.9,1220,184.0731,5722.6,8907.8,13012.2,9870.9,1220,None, None, None, None, None, None, None, None, None, None, None, None, None, None, None, None, None, None, None, None,
LPCPosMS1MS2,-4.08ppm,H49 C32 N1 O7 P1 ,LPC,24,9,None, LPC 24:9,Keine,590.3217,375116.3,336201.9,6767069.2,8031204,0,50589.7,39741.6,71208.5,68264.2,0,184.0734,50589.7,39741.6,71208.5,68264.2,0,None, None, None, None, None, None, None, None, None, None, None, None, None, None, None, None, None, None, None, None,
LPCPosMS1MS2,-3.19ppm,H51 C32 N1 O7 P1 ,LPC,24,8,None, LPC 24:8,Keine,592.3379,2532.2,0,556511.4,611512.7,0,109211.2,87544.8,102307.8,107179.3,2849.5,184.0736,109211.2,87544.8,102307.8,107179.3,2849.5,None, None, None, None, None, None, None, None, None, None, None, None, None, None, None, None, None, None, None, None,
LPCPosMS1MS2,-3.58ppm,H53 C32 N1 O7 P1 ,LPC,24,7,None, LPC 24:7,Keine,594.3533,2292,0,58339.6,89064.9,3966.7,432440.8,467144.5,332332.3,271321.7,14928.3,184.0735,432440.8,467144.5,332332.3,271321.7,14928.3,None, None, None, None, None, None, None, None, None, None, None, None, None, None, None, None, None, None, None, None,
LPCPosMS1MS2,1.59ppm,H57 C32 N1 O7 P1 ,LPC,24,5,None, LPC 24:5,Keine,598.3877,0,2129.9,3552.2,0,0,54115.3,34074.5,65662.7,62636.6,4364.7,184.0735,54115.3,34074.5,65662.7,62636.6,4364.7,None, None, None, None, None, None, None, None, None, None, None, None, None, None, None, None, None, None, None, None,
LPCPosMS1MS2,0.72ppm,H59 C32 N1 O7 P1 ,LPC,24,4,None, LPC 24:4,Keine,600.4028,0,0,0,7074.8,0,87758.1,65847.9,82666.3,87028.6,0,184.0734,87758.1,65847.9,82666.3,87028.6,0,None, None, None, None, None, None, None, None, None, None, None, None, None, None, None, None, None, None, None, None,
LPCPosMS1MS2,-4.61ppm,H61 C32 N1 O7 P1 ,LPC,24,3,None, LPC 24:3,Keine,602.4152,6159.9,1813.9,20455.2,29787,4080.1,21002.7,13174.5,27483.1,19595.7,0,184.0734,21002.7,13174.5,27483.1,19595.7,0,None, None, None, None, None, None, None, None, None, None, None, None, None, None, None, None, None, None, None, None,
LPCPosMS1MS2,-0.76ppm,H65 C32 N1 O7 P1 ,LPC,24,1,None, LPC 24:1,Keine,606.4489,8644.6,14168.6,19426.1,31696.6,6160.7,165617.1,130828.8,147387.7,141521.1,4807.7,184.0733,165617.1,130828.8,147387.7,141521.1,4807.7,None, None, None, None, None, None, None, None, None, None, None, None, None, None, None, None, None, None, None, None,
LPCPosMS1MS2,-0.78ppm,H67 C32 N1 O7 P1 ,LPC,24,0,None, LPC 24:0,Keine,608.4645,171180.9,314415.5,266100.9,251124,0,439860.4,368045.4,402177.8,362468,5887.9,184.0734,439860.4,368045.4,402177.8,362468,5887.9,None, None, None, None, None, None, None, None, None, None, None, None, None, None, None, None, None, None, None, None,
LPCPosMS1MS2,-3.78ppm,H53 C34 N1 O7 P1 ,LPC,26,9,None, LPC 26:9,Keine,618.3531,610254.5,578905.5,407995.8,157348.3,15361.1,65640.5,50737.9,45018.8,42223.1,3068.1,184.0734,65640.5,50737.9,45018.8,42223.1,3068.1,None, None, None, None, None, None, None, None, None, None, None, None, None, None, None, None, None, None, None, None,
LPCPosMS1MS2,1.62ppm,H55 C34 N1 O7 P1 ,LPC,26,8,None, LPC 26:8,Keine,620.3721,2437.2,0,0,0,0,168718.5,151992.8,177969.4,145311,19990.5,184.0734,168718.5,151992.8,177969.4,145311,19990.5,None, None, None, None, None, None, None, None, None, None, None, None, None, None, None, None, None, None, None, None,
LPCPosMS1MS2,-4.78ppm,H63 C34 N1 O7 P1 ,LPC,26,4,None, LPC 26:4,Keine,628.4307,0,0,4403.8,3929.6,0,41361.8,28390.3,27545.7,29831.9,3753.5,184.0735,41361.8,28390.3,27545.7,29831.9,3753.5,None, None, None, None, None, None, None, None, None, None, None, None, None, None, None, None, None, None, None, None,
LPCPosMS1MS2,-3.38ppm,H65 C34 N1 O7 P1 ,LPC,26,3,None, LPC 26:3,Keine,630.4472,30755.1,0,9117.2,20275.9,0,42887.9,27970.4,27877.1,24507.6,11905.5,184.0734,42887.9,27970.4,27877.1,24507.6,11905.5,None, None, None, None, None, None, None, None, None, None, None, None, None, None, None, None, None, None, None, None,
